objectid,parentid,filename,title,creator,date,date is approximate,description,subject,location,latitude,longitude,source,identifier,type,format original,format,digital collection,contributing institution,language,rights,rightsstatement,display_template,object_location,image_small,image_thumb
fitzgerald0001,,ijcmg004_b001_f001-001.jpg,Ella Fitzgerald portrait [1],,1940,,Black and white photographed portait of Ella Fitzgerald.,vocalist; black-and-white photographs; jazz,,,,IJC MG 4 Ella Fitzgerald Collection,ijcmg004_b001_f001-001,Image;StillImage,Black & white photograph,image/jpeg,Collection on Ella Fitzgerald,University of Idaho,eng,"Educational use only. Educational use includes non-commercial use of text and images in materials for teaching and research purposes. Digital reproduction rights granted by the University of Idaho Library. For other uses beyond free use, please contact the University of Idaho Library Special Collections and Archives Department at libspec@uidaho.edu.",http://rightsstatements.org/vocab/InC-EDU/1.0/,image,https://www.lib.uidaho.edu/digital/objects/ella-fitzgerald/ijcmg004_b001_f001-001.jpg,https://www.lib.uidaho.edu/digital/objects/ella-fitzgerald/small/ijcmg004_b001_f001-001_sm.jpg,https://www.lib.uidaho.edu/digital/objects/ella-fitzgerald/thumbs/ijcmg004_b001_f001-001_th.jpg
fitzgerald0002,,ijcmg004_b001_f001-002.jpg,Ella Fitzgerald postcard [1],,,,Postcard with picture of Ella Fitzgerald.,photographic postcard; vocalist; jazz,,,,IJC MG 4 Ella Fitzgerald Collection,ijcmg004_b001_f001-002,Image;StillImage,Black & white photograph,image/jpeg,Collection on Ella Fitzgerald,University of Idaho,eng,"Educational use only. Educational use includes non-commercial use of text and images in materials for teaching and research purposes. Digital reproduction rights granted by the University of Idaho Library. For other uses beyond free use, please contact the University of Idaho Library Special Collections and Archives Department at libspec@uidaho.edu.",http://rightsstatements.org/vocab/InC-EDU/1.0/,image,https://www.lib.uidaho.edu/digital/objects/ella-fitzgerald/ijcmg004_b001_f001-002.jpg,https://www.lib.uidaho.edu/digital/objects/ella-fitzgerald/small/ijcmg004_b001_f001-002_sm.jpg,https://www.lib.uidaho.edu/digital/objects/ella-fitzgerald/thumbs/ijcmg004_b001_f001-002_th.jpg
fitzgerald0003,,ijcmg004_b001_f001-003.jpg,Ella Fitzgerald postcard [2],,,,Postcard with picture of Ella Fitzgerald.,photographic postcard; vocalist; jazz,,,,IJC MG 4 Ella Fitzgerald Collection,ijcmg004_b001_f001-003,Image;StillImage,Black & white photograph,image/jpeg,Collection on Ella Fitzgerald,University of Idaho,eng,"Educational use only. Educational use includes non-commercial use of text and images in materials for teaching and research purposes. Digital reproduction rights granted by the University of Idaho Library. For other uses beyond free use, please contact the University of Idaho Library Special Collections and Archives Department at libspec@uidaho.edu.",http://rightsstatements.org/vocab/InC-EDU/1.0/,image,https://www.lib.uidaho.edu/digital/objects/ella-fitzgerald/ijcmg004_b001_f001-003.jpg,https://www.lib.uidaho.edu/digital/objects/ella-fitzgerald/small/ijcmg004_b001_f001-003_sm.jpg,https://www.lib.uidaho.edu/digital/objects/ella-fitzgerald/thumbs/ijcmg004_b001_f001-003_th.jpg
fitzgerald0004,,ijcmg004_b001_f001-004.jpg,Ella Fitzgerald postcard [3],"Randolf, William ""PoPsie"" (1920-1978)",1975,,Postcard with picture of Ella Fitzgerald.,photographic postcard; vocalist; jazz,,,,IJC MG 4 Ella Fitzgerald Collection,ijcmg004_b001_f001-004,Image;StillImage,Black & white photograph,image/jpeg,Collection on Ella Fitzgerald,University of Idaho,eng,"Educational use only. Educational use includes non-commercial use of text and images in materials for teaching and research purposes. Digital reproduction rights granted by the University of Idaho Library. For other uses beyond free use, please contact the University of Idaho Library Special Collections and Archives Department at libspec@uidaho.edu.",http://rightsstatements.org/vocab/InC-EDU/1.0/,image,https://www.lib.uidaho.edu/digital/objects/ella-fitzgerald/ijcmg004_b001_f001-004.jpg,https://www.lib.uidaho.edu/digital/objects/ella-fitzgerald/small/ijcmg004_b001_f001-004_sm.jpg,https://www.lib.uidaho.edu/digital/objects/ella-fitzgerald/thumbs/ijcmg004_b001_f001-004_th.jpg
fitzgerald0005,,ijcmg004_b001_f001-005.jpg,Ella Fitzgerald portrait from Pablo Records,,,,"Black and White portrait of Ella Fitzgerald for the cover of ""Ella Fitzgerald Live at the Montreaux Jazz Festival 1975"" from Pablo records.",jazz; black-and-white photographs; vocalist; musical performance,,,,IJC MG 4 Ella Fitzgerald Collection,ijcmg004_b001_f001-005,Image;StillImage,Black & white photograph,image/jpeg,Collection on Ella Fitzgerald,University of Idaho,eng,"Educational use only. Educational use includes non-commercial use of text and images in materials for teaching and research purposes. Digital reproduction rights granted by the University of Idaho Library. For other uses beyond free use, please contact the University of Idaho Library Special Collections and Archives Department at libspec@uidaho.edu.",http://rightsstatements.org/vocab/InC-EDU/1.0/,image,https://www.lib.uidaho.edu/digital/objects/ella-fitzgerald/ijcmg004_b001_f001-005.jpg,https://www.lib.uidaho.edu/digital/objects/ella-fitzgerald/small/ijcmg004_b001_f001-005_sm.jpg,https://www.lib.uidaho.edu/digital/objects/ella-fitzgerald/thumbs/ijcmg004_b001_f001-005_th.jpg
fitzgerald0006,,ijcmg004_b001_f001-006.jpg,Ella Fitzgerald portrait [2],,,,Black and white photographed portait of Ella Fitzgerald.,vocalist; black-and-white photographs; jazz,,,,IJC MG 4 Ella Fitzgerald Collection,ijcmg004_b001_f001-006,Image;StillImage,Black & white photograph,image/jpeg,Collection on Ella Fitzgerald,University of Idaho,eng,"Educational use only. Educational use includes non-commercial use of text and images in materials for teaching and research purposes. Digital reproduction rights granted by the University of Idaho Library. For other uses beyond free use, please contact the University of Idaho Library Special Collections and Archives Department at libspec@uidaho.edu.",http://rightsstatements.org/vocab/InC-EDU/1.0/,image,https://www.lib.uidaho.edu/digital/objects/ella-fitzgerald/ijcmg004_b001_f001-006.jpg,https://www.lib.uidaho.edu/digital/objects/ella-fitzgerald/small/ijcmg004_b001_f001-006_sm.jpg,https://www.lib.uidaho.edu/digital/objects/ella-fitzgerald/thumbs/ijcmg004_b001_f001-006_th.jpg
fitzgerald0007,,ijcmg004_b001_f001-007.jpg,Ella Fitzgerald portrait [3],"Frehm, Ron (1924-) ",1971-03-30,,Black and white photographed portrait of Ella Fitzgerald performing at the empire room of the Waldorf Astoria.,jazz; black-and-white photographs; vocalist; musical performance,Empire Room in the Waldorf Astoria ,40.75696563,-73.97367079,IJC MG 4 Ella Fitzgerald Collection,ijcmg004_b001_f001-007,Image;StillImage,Black & white photograph,image/jpeg,Collection on Ella Fitzgerald,University of Idaho,eng,"Educational use only. Educational use includes non-commercial use of text and images in materials for teaching and research purposes. Digital reproduction rights granted by the University of Idaho Library. For other uses beyond free use, please contact the University of Idaho Library Special Collections and Archives Department at libspec@uidaho.edu.",http://rightsstatements.org/vocab/InC-EDU/1.0/,image,https://www.lib.uidaho.edu/digital/objects/ella-fitzgerald/ijcmg004_b001_f001-007.jpg,https://www.lib.uidaho.edu/digital/objects/ella-fitzgerald/small/ijcmg004_b001_f001-007_sm.jpg,https://www.lib.uidaho.edu/digital/objects/ella-fitzgerald/thumbs/ijcmg004_b001_f001-007_th.jpg
fitzgerald0008,,ijcmg004_b001_f001-008.jpg,Ella Fitzgerald portrait [4],,,,Black and white photographed portait of Ella Fitzgerald.,vocalist; black-and-white photographs; jazz,,,,IJC MG 4 Ella Fitzgerald Collection,ijcmg004_b001_f001-008,Image;StillImage,Black & white photograph,image/jpeg,Collection on Ella Fitzgerald,University of Idaho,eng,"Educational use only. Educational use includes non-commercial use of text and images in materials for teaching and research purposes. Digital reproduction rights granted by the University of Idaho Library. For other uses beyond free use, please contact the University of Idaho Library Special Collections and Archives Department at libspec@uidaho.edu.",http://rightsstatements.org/vocab/InC-EDU/1.0/,image,https://www.lib.uidaho.edu/digital/objects/ella-fitzgerald/ijcmg004_b001_f001-008.jpg,https://www.lib.uidaho.edu/digital/objects/ella-fitzgerald/small/ijcmg004_b001_f001-008_sm.jpg,https://www.lib.uidaho.edu/digital/objects/ella-fitzgerald/thumbs/ijcmg004_b001_f001-008_th.jpg
fitzgerald0009,,ijcmg004_b001_f001-009.jpg,Ella Fitzgerald portrait [5],,,,Black and white photographed portait of Ella Fitzgerald.,vocalist; black-and-white photographs; jazz,,,,IJC MG 4 Ella Fitzgerald Collection,ijcmg004_b001_f001-009,Image;StillImage,Black & white photograph,image/jpeg,Collection on Ella Fitzgerald,University of Idaho,eng,"Educational use only. Educational use includes non-commercial use of text and images in materials for teaching and research purposes. Digital reproduction rights granted by the University of Idaho Library. For other uses beyond free use, please contact the University of Idaho Library Special Collections and Archives Department at libspec@uidaho.edu.",http://rightsstatements.org/vocab/InC-EDU/1.0/,image,https://www.lib.uidaho.edu/digital/objects/ella-fitzgerald/ijcmg004_b001_f001-009.jpg,https://www.lib.uidaho.edu/digital/objects/ella-fitzgerald/small/ijcmg004_b001_f001-009_sm.jpg,https://www.lib.uidaho.edu/digital/objects/ella-fitzgerald/thumbs/ijcmg004_b001_f001-009_th.jpg
fitzgerald0010,,ijcmg004_b001_f001-010.jpg,Ella Fitzgerald portrait [6],,,,Black and white photographed portait of Ella Fitzgerald at the Montreux Jazz Festival 1975.,vocalist; black-and-white photographs; jazz,,,,IJC MG 4 Ella Fitzgerald Collection,ijcmg004_b001_f001-010,Image;StillImage,Black & white photograph,image/jpeg,Collection on Ella Fitzgerald,University of Idaho,eng,"Educational use only. Educational use includes non-commercial use of text and images in materials for teaching and research purposes. Digital reproduction rights granted by the University of Idaho Library. For other uses beyond free use, please contact the University of Idaho Library Special Collections and Archives Department at libspec@uidaho.edu.",http://rightsstatements.org/vocab/InC-EDU/1.0/,image,https://www.lib.uidaho.edu/digital/objects/ella-fitzgerald/ijcmg004_b001_f001-010.jpg,https://www.lib.uidaho.edu/digital/objects/ella-fitzgerald/small/ijcmg004_b001_f001-010_sm.jpg,https://www.lib.uidaho.edu/digital/objects/ella-fitzgerald/thumbs/ijcmg004_b001_f001-010_th.jpg
fitzgerald0011,,ijcmg004_b001_f001-011.jpg,Ella Fitzgerald portrait [7],,,,"Black and white portrait of Ella Fitzgerald for the cover of ""Dream Dancing"" from Pablo records 1977 Montreaux.",jazz; black-and-white photographs; vocalist; musical performance,,,,IJC MG 4 Ella Fitzgerald Collection,ijcmg004_b001_f001-011,Image;StillImage,Black & white photograph,image/jpeg,Collection on Ella Fitzgerald,University of Idaho,eng,"Educational use only. Educational use includes non-commercial use of text and images in materials for teaching and research purposes. Digital reproduction rights granted by the University of Idaho Library. For other uses beyond free use, please contact the University of Idaho Library Special Collections and Archives Department at libspec@uidaho.edu.",http://rightsstatements.org/vocab/InC-EDU/1.0/,image,https://www.lib.uidaho.edu/digital/objects/ella-fitzgerald/ijcmg004_b001_f001-011.jpg,https://www.lib.uidaho.edu/digital/objects/ella-fitzgerald/small/ijcmg004_b001_f001-011_sm.jpg,https://www.lib.uidaho.edu/digital/objects/ella-fitzgerald/thumbs/ijcmg004_b001_f001-011_th.jpg
fitzgerald0012,,ijcmg004_b001_f001-012.jpg,Ella Fitzgerald portrait [8],,,,Black and white photographed portait of Ella Fitzgerald from cover of Things Ain't What they Used to Be.,vocalist; black-and-white photographs; jazz,,,,IJC MG 4 Ella Fitzgerald Collection,ijcmg004_b001_f001-012,Image;StillImage,Black & white photograph,image/jpeg,Collection on Ella Fitzgerald,University of Idaho,eng,"Educational use only. Educational use includes non-commercial use of text and images in materials for teaching and research purposes. Digital reproduction rights granted by the University of Idaho Library. For other uses beyond free use, please contact the University of Idaho Library Special Collections and Archives Department at libspec@uidaho.edu.",http://rightsstatements.org/vocab/InC-EDU/1.0/,image,https://www.lib.uidaho.edu/digital/objects/ella-fitzgerald/ijcmg004_b001_f001-012.jpg,https://www.lib.uidaho.edu/digital/objects/ella-fitzgerald/small/ijcmg004_b001_f001-012_sm.jpg,https://www.lib.uidaho.edu/digital/objects/ella-fitzgerald/thumbs/ijcmg004_b001_f001-012_th.jpg
fitzgerald0013,,ijcmg004_b001_f002-001.jpg,Ella Fitzgerald portrait [9],,,,Black and white photographed portait of Ella Fitzgerald.,vocalist; black-and-white photographs; jazz,,,,IJC MG 4 Ella Fitzgerald Collection,ijcmg004_b001_f002-001,Image;StillImage,Color photograph,image/jpeg,Collection on Ella Fitzgerald,University of Idaho,eng,"Educational use only. Educational use includes non-commercial use of text and images in materials for teaching and research purposes. Digital reproduction rights granted by the University of Idaho Library. For other uses beyond free use, please contact the University of Idaho Library Special Collections and Archives Department at libspec@uidaho.edu.",http://rightsstatements.org/vocab/InC-EDU/1.0/,image,https://www.lib.uidaho.edu/digital/objects/ella-fitzgerald/ijcmg004_b001_f002-001.jpg,https://www.lib.uidaho.edu/digital/objects/ella-fitzgerald/small/ijcmg004_b001_f002-001_sm.jpg,https://www.lib.uidaho.edu/digital/objects/ella-fitzgerald/thumbs/ijcmg004_b001_f002-001_th.jpg
fitzgerald0014,,ijcmg004_b001_f002-002.jpg,Signed Ella Fitzgerald portrait,,,,Signed black and white photographed portrait of Ella Fitzgerald at the Capital Jazz Festival *(double check).,jazz; black-and-white photographs; vocalist; musical performance,,,,IJC MG 4 Ella Fitzgerald Collection,ijcmg004_b001_f002-002,Image;StillImage,Black & white photograph,image/jpeg,Collection on Ella Fitzgerald,University of Idaho,eng,"Educational use only. Educational use includes non-commercial use of text and images in materials for teaching and research purposes. Digital reproduction rights granted by the University of Idaho Library. For other uses beyond free use, please contact the University of Idaho Library Special Collections and Archives Department at libspec@uidaho.edu.",http://rightsstatements.org/vocab/InC-EDU/1.0/,image,https://www.lib.uidaho.edu/digital/objects/ella-fitzgerald/ijcmg004_b001_f002-002.jpg,https://www.lib.uidaho.edu/digital/objects/ella-fitzgerald/small/ijcmg004_b001_f002-002_sm.jpg,https://www.lib.uidaho.edu/digital/objects/ella-fitzgerald/thumbs/ijcmg004_b001_f002-002_th.jpg
fitzgerald0015,,ijcmg004_b001_f003-003.jpg,Ella Fitzgerald's Pablo Records business card,,,,Ella Fitzgerald's buiseness card for Pablo Records.,buisness cards;,,,,IJC MG 4 Ella Fitzgerald Collection,ijcmg004_b001_f003-003,Text,Card,image/jpeg,Collection on Ella Fitzgerald,University of Idaho,eng,"Educational use only. Educational use includes non-commercial use of text and images in materials for teaching and research purposes. Digital reproduction rights granted by the University of Idaho Library. For other uses beyond free use, please contact the University of Idaho Library Special Collections and Archives Department at libspec@uidaho.edu.",http://rightsstatements.org/vocab/InC-EDU/1.0/,image,https://www.lib.uidaho.edu/digital/objects/ella-fitzgerald/ijcmg004_b001_f003-003.jpg,https://www.lib.uidaho.edu/digital/objects/ella-fitzgerald/small/ijcmg004_b001_f003-003_sm.jpg,https://www.lib.uidaho.edu/digital/objects/ella-fitzgerald/thumbs/ijcmg004_b001_f003-003_th.jpg
fitzgerald0016,,ijcmg004_b001-004.pdf,"""Begin the beguine"" sheet music ",Pacific Music Papers,1963,yes,"Ella Fitzgerald's sheet music for Marty Paich's arrangement of Cole Porters song ""Begin the Beguine.""",sheet music; jazz; vocalist ,,,,IJC MG 4 Ella Fitzgerald Collection,ijcmg004_b001-004,Text,Sheetmusic,application/pdf,Collection on Ella Fitzgerald,University of Idaho,eng,"Educational use only. Educational use includes non-commercial use of text and images in materials for teaching and research purposes. Digital reproduction rights granted by the University of Idaho Library. For other uses beyond free use, please contact the University of Idaho Library Special Collections and Archives Department at libspec@uidaho.edu.",http://rightsstatements.org/vocab/InC-EDU/1.0/,pdf,https://www.lib.uidaho.edu/digital/objects/ella-fitzgerald/ijcmg004_b001-004.pdf,https://www.lib.uidaho.edu/digital/objects/ella-fitzgerald/small/ijcmg004_b001-004_sm.jpg,https://www.lib.uidaho.edu/digital/objects/ella-fitzgerald/thumbs/ijcmg004_b001-004_th.jpg
fitzgerald0017,,ijcmg004_b001-005.pdf,"""What a difference a day has made"" lyric sheet ","Grever, Maria (1887-1951); Adams, Stanley (1907-1994) ",,,"Ella Fitzgerald's lyric sheet for Maria Grever and Stanley Adams song ""What a Difference a Day has Made.""",sheet music; jazz; vocalist ,,,,IJC MG 4 Ella Fitzgerald Collection,ijcmg004_b001-005,Text,Sheetmusic,application/pdf,Collection on Ella Fitzgerald,University of Idaho,eng,"Educational use only. Educational use includes non-commercial use of text and images in materials for teaching and research purposes. Digital reproduction rights granted by the University of Idaho Library. For other uses beyond free use, please contact the University of Idaho Library Special Collections and Archives Department at libspec@uidaho.edu.",http://rightsstatements.org/vocab/InC-EDU/1.0/,pdf,https://www.lib.uidaho.edu/digital/objects/ella-fitzgerald/ijcmg004_b001-005.pdf,https://www.lib.uidaho.edu/digital/objects/ella-fitzgerald/small/ijcmg004_b001-005_sm.jpg,https://www.lib.uidaho.edu/digital/objects/ella-fitzgerald/thumbs/ijcmg004_b001-005_th.jpg
fitzgerald0018,,ijcmg004_b001-006.pdf,"""Useless landscape"" lyric sheet","Carlos Jobim, Antonio (1927-1994)",1981,,"Ella Fitzgerald's lyric sheet for Antonio Carlos Jobims song ""Useless Landscape.""",sheet music; jazz; vocalist ,,,,IJC MG 4 Ella Fitzgerald Collection,ijcmg004_b001-006,Text,Sheetmusic,application/pdf,Collection on Ella Fitzgerald,University of Idaho,por;eng,"Educational use only. Educational use includes non-commercial use of text and images in materials for teaching and research purposes. Digital reproduction rights granted by the University of Idaho Library. For other uses beyond free use, please contact the University of Idaho Library Special Collections and Archives Department at libspec@uidaho.edu.",http://rightsstatements.org/vocab/InC-EDU/1.0/,pdf,https://www.lib.uidaho.edu/digital/objects/ella-fitzgerald/ijcmg004_b001-006.pdf,https://www.lib.uidaho.edu/digital/objects/ella-fitzgerald/small/ijcmg004_b001-006_sm.jpg,https://www.lib.uidaho.edu/digital/objects/ella-fitzgerald/thumbs/ijcmg004_b001-006_th.jpg
fitzgerald0019,,ijcmg004_b001-007.pdf,"""Song of the jet"" lyric sheet","Carlos Jobim, Antonio (1927-1995)",1981,,"Ella Fitzgerald's lyric sheet for Antonio Carlos Jobims song ""Song of the Jet."" *(check there were no other contributors)",sheet music; jazz; vocalist ,,,,IJC MG 4 Ella Fitzgerald Collection,ijcmg004_b001-007,Text,Sheetmusic,application/pdf,Collection on Ella Fitzgerald,University of Idaho,por;eng,"Educational use only. Educational use includes non-commercial use of text and images in materials for teaching and research purposes. Digital reproduction rights granted by the University of Idaho Library. For other uses beyond free use, please contact the University of Idaho Library Special Collections and Archives Department at libspec@uidaho.edu.",http://rightsstatements.org/vocab/InC-EDU/1.0/,pdf,https://www.lib.uidaho.edu/digital/objects/ella-fitzgerald/ijcmg004_b001-007.pdf,https://www.lib.uidaho.edu/digital/objects/ella-fitzgerald/small/ijcmg004_b001-007_sm.jpg,https://www.lib.uidaho.edu/digital/objects/ella-fitzgerald/thumbs/ijcmg004_b001-007_th.jpg
fitzgerald0020,,ijcmg004_b001-008.pdf,Norman Granz' jazz at the philharmonic 14th national tour program,"Granz, Norman (1918-2001)",1954,,Program from the Norman Granz' Jazz at the Philharmonic 14th National Tour.,concert programs; jazz; vocalist,,,,IJC MG 4 Ella Fitzgerald Collection,ijcmg004_b001-008,Text,Booklet,application/pdf,Collection on Ella Fitzgerald,University of Idaho,eng,"Educational use only. Educational use includes non-commercial use of text and images in materials for teaching and research purposes. Digital reproduction rights granted by the University of Idaho Library. For other uses beyond free use, please contact the University of Idaho Library Special Collections and Archives Department at libspec@uidaho.edu.",http://rightsstatements.org/vocab/InC-EDU/1.0/,pdf,https://www.lib.uidaho.edu/digital/objects/ella-fitzgerald/ijcmg004_b001-008.pdf,https://www.lib.uidaho.edu/digital/objects/ella-fitzgerald/small/ijcmg004_b001-008_sm.jpg,https://www.lib.uidaho.edu/digital/objects/ella-fitzgerald/thumbs/ijcmg004_b001-008_th.jpg
fitzgerald0021,,ijcmg004_b001-009.pdf,Norman Granz' jazz at the philharmonic 16th national tour program,"Granz, Norman (1918-2001)",1955,,Program from the Norman Granz' Jazz at the Philharmonic 16th National Tour. ,concert programs; jazz; vocalist ,,,,IJC MG 4 Ella Fitzgerald Collection,ijcmg004_b001-009,Text,Booklet,application/pdf,Collection on Ella Fitzgerald,University of Idaho,eng,"Educational use only. Educational use includes non-commercial use of text and images in materials for teaching and research purposes. Digital reproduction rights granted by the University of Idaho Library. For other uses beyond free use, please contact the University of Idaho Library Special Collections and Archives Department at libspec@uidaho.edu.",http://rightsstatements.org/vocab/InC-EDU/1.0/,pdf,https://www.lib.uidaho.edu/digital/objects/ella-fitzgerald/ijcmg004_b001-009.pdf,https://www.lib.uidaho.edu/digital/objects/ella-fitzgerald/small/ijcmg004_b001-009_sm.jpg,https://www.lib.uidaho.edu/digital/objects/ella-fitzgerald/thumbs/ijcmg004_b001-009_th.jpg
fitzgerald0022,,ijcmg004_b001-010.pdf,Jazz at the Philharmonic: The Ella Fitzgerald Set record cover ,"Granz, Norman (1918-2001)",1983,,Record cover of Jazz at the Philharmonic: The Ella Fitzgerald Set from the Verve Record Label. ,long-playing records; jazz; vocalist; record covers,,,,IJC MG 4 Ella Fitzgerald Collection,ijcmg004_b001-010,Image; StillImage; ,Record cover,application/pdf,Collection on Ella Fitzgerald,University of Idaho,eng,"Educational use only. Educational use includes non-commercial use of text and images in materials for teaching and research purposes. Digital reproduction rights granted by the University of Idaho Library. For other uses beyond free use, please contact the University of Idaho Library Special Collections and Archives Department at libspec@uidaho.edu.",http://rightsstatements.org/vocab/InC-EDU/1.0/,pdf,https://www.lib.uidaho.edu/digital/objects/ella-fitzgerald/ijcmg004_b001-010.pdf,https://www.lib.uidaho.edu/digital/objects/ella-fitzgerald/small/ijcmg004_b001-010_sm.jpg,https://www.lib.uidaho.edu/digital/objects/ella-fitzgerald/thumbs/ijcmg004_b001-010_th.jpg
fitzgerald0023,,ijcmg004_b001-011.pdf,Ella Fitzgerald Sings the Johnny Mercer Song Book record cover,"Granz, Norman (1918-2001)",1964,,Record cover of Ella Sings the Johnny Mercer Song Book.,long-playing records; jazz; vocalist; record covers,"2220 Colorado Avenue, Santa Monica, CA 90404",34.02759296,-118.4742396,IJC MG 4 Ella Fitzgerald Collection,ijcmg004_b001-011,Image; StillImage; ,Record cover,application/pdf,Collection on Ella Fitzgerald,University of Idaho,eng,"Educational use only. Educational use includes non-commercial use of text and images in materials for teaching and research purposes. Digital reproduction rights granted by the University of Idaho Library. For other uses beyond free use, please contact the University of Idaho Library Special Collections and Archives Department at libspec@uidaho.edu.",http://rightsstatements.org/vocab/InC-EDU/1.0/,pdf,https://www.lib.uidaho.edu/digital/objects/ella-fitzgerald/ijcmg004_b001-011.pdf,https://www.lib.uidaho.edu/digital/objects/ella-fitzgerald/small/ijcmg004_b001-011_sm.jpg,https://www.lib.uidaho.edu/digital/objects/ella-fitzgerald/thumbs/ijcmg004_b001-011_th.jpg
fitzgerald0024,,ijcmg004_b001-012.pdf,"""Ella Fitzgerald Christmas Record"" Cover",Capital Records,1967,,Record cover of Ella Fitzgerald Christmas.,long-playing records; jazz; vocalist; record covers,"2220 Colorado Avenue, Santa Monica , CA 90404",34.02759296,-118.4742396,IJC MG 4 Ella Fitzgerald Collection,ijcmg004_b001-012,Image; StillImage; ,Record cover,application/pdf,Collection on Ella Fitzgerald,University of Idaho,eng,"Educational use only. Educational use includes non-commercial use of text and images in materials for teaching and research purposes. Digital reproduction rights granted by the University of Idaho Library. For other uses beyond free use, please contact the University of Idaho Library Special Collections and Archives Department at libspec@uidaho.edu.",http://rightsstatements.org/vocab/InC-EDU/1.0/,pdf,https://www.lib.uidaho.edu/digital/objects/ella-fitzgerald/ijcmg004_b001-012.pdf,https://www.lib.uidaho.edu/digital/objects/ella-fitzgerald/small/ijcmg004_b001-012_sm.jpg,https://www.lib.uidaho.edu/digital/objects/ella-fitzgerald/thumbs/ijcmg004_b001-012_th.jpg
fitzgerald0025,,ijcmg004_b001-013.pdf,"Ella Fitzgerald, ""The Rodgers and Hart Songbook"" record cover","Granz, Norman (1918-2001)",1967,,Record cover of Ella Fitzgerald- The Rodgers and Hart Songbook. ,long-playing records; jazz; vocalist; record covers,"2221 Colorado Avenue, Santa Monica , CA 90404",34.02759296,-118.4742396,IJC MG 4 Ella Fitzgerald Collection,ijcmg004_b001-013,Image; StillImage; ,Record cover,application/pdf,Collection on Ella Fitzgerald,University of Idaho,eng,"Educational use only. Educational use includes non-commercial use of text and images in materials for teaching and research purposes. Digital reproduction rights granted by the University of Idaho Library. For other uses beyond free use, please contact the University of Idaho Library Special Collections and Archives Department at libspec@uidaho.edu.",http://rightsstatements.org/vocab/InC-EDU/1.0/,pdf,https://www.lib.uidaho.edu/digital/objects/ella-fitzgerald/ijcmg004_b001-013.pdf,https://www.lib.uidaho.edu/digital/objects/ella-fitzgerald/small/ijcmg004_b001-013_sm.jpg,https://www.lib.uidaho.edu/digital/objects/ella-fitzgerald/thumbs/ijcmg004_b001-013_th.jpg
fitzgerald0026,,ijcmg004_b001-014.pdf,"""Digital III at Montreux: Ella Fitzgerald, Count Basie, Joe Pass, Niels-Henning Orsted Pendersen""","Granz, Norman (1918-2001)",1980,,"Record cover of Digital III at Montreux: Ella Fitzgerald, Count Basie, Joe Pass, Niels-Henning Orsted Pendersen.",long-playing records; jazz; vocalist; record covers,"Los Angeles, CA",34.0520261,-118.2799282,IJC MG 4 Ella Fitzgerald Collection,ijcmg004_b001-014,Image; StillImage; ,Record cover,application/pdf,Collection on Ella Fitzgerald,University of Idaho,eng,"Educational use only. Educational use includes non-commercial use of text and images in materials for teaching and research purposes. Digital reproduction rights granted by the University of Idaho Library. For other uses beyond free use, please contact the University of Idaho Library Special Collections and Archives Department at libspec@uidaho.edu.",http://rightsstatements.org/vocab/InC-EDU/1.0/,pdf,https://www.lib.uidaho.edu/digital/objects/ella-fitzgerald/ijcmg004_b001-014.pdf,https://www.lib.uidaho.edu/digital/objects/ella-fitzgerald/small/ijcmg004_b001-014_sm.jpg,https://www.lib.uidaho.edu/digital/objects/ella-fitzgerald/thumbs/ijcmg004_b001-014_th.jpg
fitzgerald0027,,ijcmg004_b001-015.pdf,"""Ella Fitzgerald at the Montreux Jazz Festival 1975"" record cover","Granz, Norman (1918-2001)",1975-07-17,,Record cover of Ella Fitzgerald at the Montreux Jazz Festival 1975.,long-playing records; jazz; vocalist; record covers,"Los Angeles, CA",34.0520261,-118.2799282,IJC MG 4 Ella Fitzgerald Collection,ijcmg004_b001-015,Image; StillImage; ,Record cover,application/pdf,Collection on Ella Fitzgerald,University of Idaho,eng,"Educational use only. Educational use includes non-commercial use of text and images in materials for teaching and research purposes. Digital reproduction rights granted by the University of Idaho Library. For other uses beyond free use, please contact the University of Idaho Library Special Collections and Archives Department at libspec@uidaho.edu.",http://rightsstatements.org/vocab/InC-EDU/1.0/,pdf,https://www.lib.uidaho.edu/digital/objects/ella-fitzgerald/ijcmg004_b001-015.pdf,https://www.lib.uidaho.edu/digital/objects/ella-fitzgerald/small/ijcmg004_b001-015_sm.jpg,https://www.lib.uidaho.edu/digital/objects/ella-fitzgerald/thumbs/ijcmg004_b001-015_th.jpg
fitzgerald0028,,ijcmg004_b001-016.pdf,"Ella Fitzgerald, ""Lady Time"" record cover","Granz, Norman (1918-2001)",1978-06-19; 1978-06-20,,Record cover of Ella Fitzgerald - Lady Time.,long-playing records; jazz; vocalist; record covers,"Los Angeles, CA",34.0520261,-118.2799282,IJC MG 4 Ella Fitzgerald Collection,ijcmg004_b001-016,Image; StillImage; ,Record cover,application/pdf,Collection on Ella Fitzgerald,University of Idaho,eng,"Educational use only. Educational use includes non-commercial use of text and images in materials for teaching and research purposes. Digital reproduction rights granted by the University of Idaho Library. For other uses beyond free use, please contact the University of Idaho Library Special Collections and Archives Department at libspec@uidaho.edu.",http://rightsstatements.org/vocab/InC-EDU/1.0/,pdf,https://www.lib.uidaho.edu/digital/objects/ella-fitzgerald/ijcmg004_b001-016.pdf,https://www.lib.uidaho.edu/digital/objects/ella-fitzgerald/small/ijcmg004_b001-016_sm.jpg,https://www.lib.uidaho.edu/digital/objects/ella-fitzgerald/thumbs/ijcmg004_b001-016_th.jpg
fitzgerald0029,,ijcmg004_b001-017.pdf,Ella Fitzgerald Sings the Rodgers and Hart Song Book,"Granz, Norman (1918-2001)",1956,,Record cover of Ella Fitzgerald Sings the Rodgers and Hart Song Book.,long-playing records; jazz; vocalist; record covers,"2221 Colorado Avenue, Santa Monica , CA 90404",34.02759296,-118.4742396,IJC MG 4 Ella Fitzgerald Collection,ijcmg004_b001-017,Image; StillImage; ,Record cover,application/pdf,Collection on Ella Fitzgerald,University of Idaho,eng,"Educational use only. Educational use includes non-commercial use of text and images in materials for teaching and research purposes. Digital reproduction rights granted by the University of Idaho Library. For other uses beyond free use, please contact the University of Idaho Library Special Collections and Archives Department at libspec@uidaho.edu.",http://rightsstatements.org/vocab/InC-EDU/1.0/,pdf,https://www.lib.uidaho.edu/digital/objects/ella-fitzgerald/ijcmg004_b001-017.pdf,https://www.lib.uidaho.edu/digital/objects/ella-fitzgerald/small/ijcmg004_b001-017_sm.jpg,https://www.lib.uidaho.edu/digital/objects/ella-fitzgerald/thumbs/ijcmg004_b001-017_th.jpg
fitzgerald0030,,ijcmg004_b001-018.pdf,Ella In London Record,"Granz, Norman (1918-2001)",,,Record and record cover of Ella In London.,long-playing records; jazz; vocalist; record covers,"Los Angeles, CA",34.0520261,-118.2799282,IJC MG 4 Ella Fitzgerald Collection,ijcmg004_b001-018,Image; StillImage; ,Record cover,application/pdf,Collection on Ella Fitzgerald,University of Idaho,eng,"Educational use only. Educational use includes non-commercial use of text and images in materials for teaching and research purposes. Digital reproduction rights granted by the University of Idaho Library. For other uses beyond free use, please contact the University of Idaho Library Special Collections and Archives Department at libspec@uidaho.edu.",http://rightsstatements.org/vocab/InC-EDU/1.0/,pdf,https://www.lib.uidaho.edu/digital/objects/ella-fitzgerald/ijcmg004_b001-018.pdf,https://www.lib.uidaho.edu/digital/objects/ella-fitzgerald/small/ijcmg004_b001-018_sm.jpg,https://www.lib.uidaho.edu/digital/objects/ella-fitzgerald/thumbs/ijcmg004_b001-018_th.jpg
fitzgerald0031,,ijcmg004_b001-020.jpg,Award from the National Tuberculosis Association ,National Tuberculosis Association,,,Award from the National Tuberculosis Assocaion for outstanding participation.,award plaque; tuberculosis; awards;,,,,IJC MG 4 Ella Fitzgerald Collection,ijcmg004_b001-020,Image; StillImage; ,Plaque,image/jpeg,Collection on Ella Fitzgerald,University of Idaho,eng,"Educational use only. Educational use includes non-commercial use of text and images in materials for teaching and research purposes. Digital reproduction rights granted by the University of Idaho Library. For other uses beyond free use, please contact the University of Idaho Library Special Collections and Archives Department at libspec@uidaho.edu.",http://rightsstatements.org/vocab/InC-EDU/1.0/,image,https://www.lib.uidaho.edu/digital/objects/ella-fitzgerald/ijcmg004_b001-020.jpg,https://www.lib.uidaho.edu/digital/objects/ella-fitzgerald/small/ijcmg004_b001-020_sm.jpg,https://www.lib.uidaho.edu/digital/objects/ella-fitzgerald/thumbs/ijcmg004_b001-020_th.jpg
fitzgerald0032,,ijcmg004_b001-021.jpg,Honorary columbian citizen certificate ,"Finlay, Kirkman (1936-1993)",1981-10-22,,Cirtificate of Citizenship to the City of Columbia in South Carolina.,certificates; citizenship certificate; ,,,,IJC MG 4 Ella Fitzgerald Collection,ijcmg004_b001-021,Image; StillImage; ,Plaque,image/jpeg,Collection on Ella Fitzgerald,University of Idaho,eng,"Educational use only. Educational use includes non-commercial use of text and images in materials for teaching and research purposes. Digital reproduction rights granted by the University of Idaho Library. For other uses beyond free use, please contact the University of Idaho Library Special Collections and Archives Department at libspec@uidaho.edu.",http://rightsstatements.org/vocab/InC-EDU/1.0/,image,https://www.lib.uidaho.edu/digital/objects/ella-fitzgerald/ijcmg004_b001-021.jpg,https://www.lib.uidaho.edu/digital/objects/ella-fitzgerald/small/ijcmg004_b001-021_sm.jpg,https://www.lib.uidaho.edu/digital/objects/ella-fitzgerald/thumbs/ijcmg004_b001-021_th.jpg
fitzgerald0033,,ijcmg004_b005-001a.jpg,Aquamarine shoes,Ansonia,,,Vogue House Aqua Marine Shoes by Ansonia. ,heels; clothing; fashion (culture-related concept),,,,IJC MG 4 Ella Fitzgerald Collection,ijcmg004_b005-001a,Image; StillImage; ,Clothing,image/jpeg,Collection on Ella Fitzgerald,University of Idaho,eng,"Educational use only. Educational use includes non-commercial use of text and images in materials for teaching and research purposes. Digital reproduction rights granted by the University of Idaho Library. For other uses beyond free use, please contact the University of Idaho Library Special Collections and Archives Department at libspec@uidaho.edu.",http://rightsstatements.org/vocab/InC-EDU/1.0/,compound,https://www.lib.uidaho.edu/digital/objects/ella-fitzgerald/ijcmg004_b005-001a.jpg,https://www.lib.uidaho.edu/digital/objects/ella-fitzgerald/small/ijcmg004_b005-001a_sm.jpg,https://www.lib.uidaho.edu/digital/objects/ella-fitzgerald/thumbs/ijcmg004_b005-001a_th.jpg
,fitzgerald0033,ijcmg004_b005-001b.jpg,,,,,,,,,,,ijcmg004_b005-001b,Image; StillImage; ,,image/jpeg,,,,,,,https://www.lib.uidaho.edu/digital/objects/ella-fitzgerald/ijcmg004_b005-001b.jpg,https://www.lib.uidaho.edu/digital/objects/ella-fitzgerald/small/ijcmg004_b005-001b_sm.jpg,https://www.lib.uidaho.edu/digital/objects/ella-fitzgerald/thumbs/ijcmg004_b005-001b_th.jpg
,fitzgerald0033,ijcmg004_b005-001c.jpg,,,,,,,,,,,ijcmg004_b005-001c,Image; StillImage; ,,image/jpeg,,,,,,,https://www.lib.uidaho.edu/digital/objects/ella-fitzgerald/ijcmg004_b005-001c.jpg,https://www.lib.uidaho.edu/digital/objects/ella-fitzgerald/small/ijcmg004_b005-001c_sm.jpg,https://www.lib.uidaho.edu/digital/objects/ella-fitzgerald/thumbs/ijcmg004_b005-001c_th.jpg
,fitzgerald0033,ijcmg004_b005-001d.jpg,,,,,,,,,,,ijcmg004_b005-001d,Image; StillImage; ,,image/jpeg,,,,,,,https://www.lib.uidaho.edu/digital/objects/ella-fitzgerald/ijcmg004_b005-001d.jpg,https://www.lib.uidaho.edu/digital/objects/ella-fitzgerald/small/ijcmg004_b005-001d_sm.jpg,https://www.lib.uidaho.edu/digital/objects/ella-fitzgerald/thumbs/ijcmg004_b005-001d_th.jpg
fitzgerald0034,,ijcmg004_b005-002a.jpg,Gold necklace with pendant,,,,Intricate gold necklace with roses on pendant.,necklaces; jewelry; gold (color); fashion (culture-related concept),,,,IJC MG 4 Ella Fitzgerald Collection,ijcmg004_b005-002a,Image; StillImage; ,Clothing,image/jpeg,Collection on Ella Fitzgerald,University of Idaho,eng,"Educational use only. Educational use includes non-commercial use of text and images in materials for teaching and research purposes. Digital reproduction rights granted by the University of Idaho Library. For other uses beyond free use, please contact the University of Idaho Library Special Collections and Archives Department at libspec@uidaho.edu.",http://rightsstatements.org/vocab/InC-EDU/1.0/,compound,https://www.lib.uidaho.edu/digital/objects/ella-fitzgerald/ijcmg004_b005-002a.jpg,https://www.lib.uidaho.edu/digital/objects/ella-fitzgerald/small/ijcmg004_b005-002a_sm.jpg,https://www.lib.uidaho.edu/digital/objects/ella-fitzgerald/thumbs/ijcmg004_b005-002a_th.jpg
,fitzgerald0034,ijcmg004_b005-002b.jpg,,,,,,,,,,,ijcmg004_b005-002b,Image; StillImage; ,,image/jpeg,,,,,,,https://www.lib.uidaho.edu/digital/objects/ella-fitzgerald/ijcmg004_b005-002b.jpg,https://www.lib.uidaho.edu/digital/objects/ella-fitzgerald/small/ijcmg004_b005-002b_sm.jpg,https://www.lib.uidaho.edu/digital/objects/ella-fitzgerald/thumbs/ijcmg004_b005-002b_th.jpg
,fitzgerald0034,ijcmg004_b005-002c.jpg,,,,,,,,,,,ijcmg004_b005-002c,Image; StillImage; ,,image/jpeg,,,,,,,https://www.lib.uidaho.edu/digital/objects/ella-fitzgerald/ijcmg004_b005-002c.jpg,https://www.lib.uidaho.edu/digital/objects/ella-fitzgerald/small/ijcmg004_b005-002c_sm.jpg,https://www.lib.uidaho.edu/digital/objects/ella-fitzgerald/thumbs/ijcmg004_b005-002c_th.jpg
,fitzgerald0034,ijcmg004_b005-002d.jpg,,,,,,,,,,,ijcmg004_b005-002d,Image; StillImage; ,,image/jpeg,,,,,,,https://www.lib.uidaho.edu/digital/objects/ella-fitzgerald/ijcmg004_b005-002d.jpg,https://www.lib.uidaho.edu/digital/objects/ella-fitzgerald/small/ijcmg004_b005-002d_sm.jpg,https://www.lib.uidaho.edu/digital/objects/ella-fitzgerald/thumbs/ijcmg004_b005-002d_th.jpg
fitzgerald0035,,ijcmg004_b005-003a.jpg,Glasses with case ,,,,Shiny brown eye glasses with no lenses and white case.,eyeglasses; eyeglass case; fashion (culture-related concept),,,,IJC MG 4 Ella Fitzgerald Collection,ijcmg004_b005-003a,Image; StillImage; ,Clothing,image/jpeg,Collection on Ella Fitzgerald,University of Idaho,eng,"Educational use only. Educational use includes non-commercial use of text and images in materials for teaching and research purposes. Digital reproduction rights granted by the University of Idaho Library. For other uses beyond free use, please contact the University of Idaho Library Special Collections and Archives Department at libspec@uidaho.edu.",http://rightsstatements.org/vocab/InC-EDU/1.0/,compound,https://www.lib.uidaho.edu/digital/objects/ella-fitzgerald/ijcmg004_b005-003a.jpg,https://www.lib.uidaho.edu/digital/objects/ella-fitzgerald/small/ijcmg004_b005-003a_sm.jpg,https://www.lib.uidaho.edu/digital/objects/ella-fitzgerald/thumbs/ijcmg004_b005-003a_th.jpg
,fitzgerald0035,ijcmg004_b005-003b.jpg,,,,,,,,,,,ijcmg004_b005-003b,Image; StillImage; ,,image/jpeg,,,,,,,https://www.lib.uidaho.edu/digital/objects/ella-fitzgerald/ijcmg004_b005-003b.jpg,https://www.lib.uidaho.edu/digital/objects/ella-fitzgerald/small/ijcmg004_b005-003b_sm.jpg,https://www.lib.uidaho.edu/digital/objects/ella-fitzgerald/thumbs/ijcmg004_b005-003b_th.jpg
,fitzgerald0035,ijcmg004_b005-003c.jpg,,,,,,,,,,,ijcmg004_b005-003c,Image; StillImage; ,,image/jpeg,,,,,,,https://www.lib.uidaho.edu/digital/objects/ella-fitzgerald/ijcmg004_b005-003c.jpg,https://www.lib.uidaho.edu/digital/objects/ella-fitzgerald/small/ijcmg004_b005-003c_sm.jpg,https://www.lib.uidaho.edu/digital/objects/ella-fitzgerald/thumbs/ijcmg004_b005-003c_th.jpg
,fitzgerald0035,ijcmg004_b005-003d.jpg,,,,,,,,,,,ijcmg004_b005-003d,Image; StillImage; ,,image/jpeg,,,,,,,https://www.lib.uidaho.edu/digital/objects/ella-fitzgerald/ijcmg004_b005-003d.jpg,https://www.lib.uidaho.edu/digital/objects/ella-fitzgerald/small/ijcmg004_b005-003d_sm.jpg,https://www.lib.uidaho.edu/digital/objects/ella-fitzgerald/thumbs/ijcmg004_b005-003d_th.jpg
,fitzgerald0035,ijcmg004_b005-003e.jpg,,,,,,,,,,,ijcmg004_b005-003e,Image; StillImage; ,,image/jpeg,,,,,,,https://www.lib.uidaho.edu/digital/objects/ella-fitzgerald/ijcmg004_b005-003e.jpg,https://www.lib.uidaho.edu/digital/objects/ella-fitzgerald/small/ijcmg004_b005-003e_sm.jpg,https://www.lib.uidaho.edu/digital/objects/ella-fitzgerald/thumbs/ijcmg004_b005-003e_th.jpg
fitzgerald0036,,ijcmg004_b003-001a.jpg,Classico sevillano hat,La Perla Filipina ,,,Black classico sevillano hat.,hats; milliner; fashion (culture-related concept),,,,IJC MG 4 Ella Fitzgerald Collection,ijcmg004_b003-001a,Image; StillImage; ,Clothing,image/jpeg,Collection on Ella Fitzgerald,University of Idaho,eng,"Educational use only. Educational use includes non-commercial use of text and images in materials for teaching and research purposes. Digital reproduction rights granted by the University of Idaho Library. For other uses beyond free use, please contact the University of Idaho Library Special Collections and Archives Department at libspec@uidaho.edu.",http://rightsstatements.org/vocab/InC-EDU/1.0/,compound,https://www.lib.uidaho.edu/digital/objects/ella-fitzgerald/ijcmg004_b003-001a.jpg,https://www.lib.uidaho.edu/digital/objects/ella-fitzgerald/small/ijcmg004_b003-001a_sm.jpg,https://www.lib.uidaho.edu/digital/objects/ella-fitzgerald/thumbs/ijcmg004_b003-001a_th.jpg
,fitzgerald0036,ijcmg004_b003-001b.jpg,,,,,,,,,,,ijcmg004_b003-001b,Image; StillImage; ,,image/jpeg,,,,,,,https://www.lib.uidaho.edu/digital/objects/ella-fitzgerald/ijcmg004_b003-001b.jpg,https://www.lib.uidaho.edu/digital/objects/ella-fitzgerald/small/ijcmg004_b003-001b_sm.jpg,https://www.lib.uidaho.edu/digital/objects/ella-fitzgerald/thumbs/ijcmg004_b003-001b_th.jpg
,fitzgerald0036,ijcmg004_b003-001c.jpg,,,,,,,,,,,ijcmg004_b003-001c,Image; StillImage; ,,image/jpeg,,,,,,,https://www.lib.uidaho.edu/digital/objects/ella-fitzgerald/ijcmg004_b003-001c.jpg,https://www.lib.uidaho.edu/digital/objects/ella-fitzgerald/small/ijcmg004_b003-001c_sm.jpg,https://www.lib.uidaho.edu/digital/objects/ella-fitzgerald/thumbs/ijcmg004_b003-001c_th.jpg
,fitzgerald0036,ijcmg004_b003-001d.jpg,,,,,,,,,,,ijcmg004_b003-001d,Image; StillImage; ,,image/jpeg,,,,,,,https://www.lib.uidaho.edu/digital/objects/ella-fitzgerald/ijcmg004_b003-001d.jpg,https://www.lib.uidaho.edu/digital/objects/ella-fitzgerald/small/ijcmg004_b003-001d_sm.jpg,https://www.lib.uidaho.edu/digital/objects/ella-fitzgerald/thumbs/ijcmg004_b003-001d_th.jpg
fitzgerald0037,,ijcmg004_b003-002a.jpg,Wide brimmed hat and pin,"Emme, Inc. ",,,Black medium pile faux fur wide brimmed hat with black hat pin.,hats; milliner; imitation fur; faux fur; hatpins; fashion (culture-related concept),,,,IJC MG 4 Ella Fitzgerald Collection,ijcmg004_b003-002a,Image; StillImage; ,Clothing,image/jpeg,Collection on Ella Fitzgerald,University of Idaho,eng,"Educational use only. Educational use includes non-commercial use of text and images in materials for teaching and research purposes. Digital reproduction rights granted by the University of Idaho Library. For other uses beyond free use, please contact the University of Idaho Library Special Collections and Archives Department at libspec@uidaho.edu.",http://rightsstatements.org/vocab/InC-EDU/1.0/,compound,https://www.lib.uidaho.edu/digital/objects/ella-fitzgerald/ijcmg004_b003-002a.jpg,https://www.lib.uidaho.edu/digital/objects/ella-fitzgerald/small/ijcmg004_b003-002a_sm.jpg,https://www.lib.uidaho.edu/digital/objects/ella-fitzgerald/thumbs/ijcmg004_b003-002a_th.jpg
,fitzgerald0037,ijcmg004_b003-002b.jpg,,,,,,,,,,,ijcmg004_b003-002b,Image; StillImage; ,,image/jpeg,,,,,,,https://www.lib.uidaho.edu/digital/objects/ella-fitzgerald/ijcmg004_b003-002b.jpg,https://www.lib.uidaho.edu/digital/objects/ella-fitzgerald/small/ijcmg004_b003-002b_sm.jpg,https://www.lib.uidaho.edu/digital/objects/ella-fitzgerald/thumbs/ijcmg004_b003-002b_th.jpg
,fitzgerald0037,ijcmg004_b003-002c.jpg,,,,,,,,,,,ijcmg004_b003-002c,Image; StillImage; ,,image/jpeg,,,,,,,https://www.lib.uidaho.edu/digital/objects/ella-fitzgerald/ijcmg004_b003-002c.jpg,https://www.lib.uidaho.edu/digital/objects/ella-fitzgerald/small/ijcmg004_b003-002c_sm.jpg,https://www.lib.uidaho.edu/digital/objects/ella-fitzgerald/thumbs/ijcmg004_b003-002c_th.jpg
,fitzgerald0037,ijcmg004_b003-002d.jpg,,,,,,,,,,,ijcmg004_b003-002d,Image; StillImage; ,,image/jpeg,,,,,,,https://www.lib.uidaho.edu/digital/objects/ella-fitzgerald/ijcmg004_b003-002d.jpg,https://www.lib.uidaho.edu/digital/objects/ella-fitzgerald/small/ijcmg004_b003-002d_sm.jpg,https://www.lib.uidaho.edu/digital/objects/ella-fitzgerald/thumbs/ijcmg004_b003-002d_th.jpg
,fitzgerald0037,ijcmg004_b003-002e.jpg,,,,,,,,,,,ijcmg004_b003-002e,Image; StillImage; ,,image/jpeg,,,,,,,https://www.lib.uidaho.edu/digital/objects/ella-fitzgerald/ijcmg004_b003-002e.jpg,https://www.lib.uidaho.edu/digital/objects/ella-fitzgerald/small/ijcmg004_b003-002e_sm.jpg,https://www.lib.uidaho.edu/digital/objects/ella-fitzgerald/thumbs/ijcmg004_b003-002e_th.jpg
,fitzgerald0037,ijcmg004_b003-002f.jpg,,,,,,,,,,,ijcmg004_b003-002f,Image; StillImage; ,,image/jpeg,,,,,,,https://www.lib.uidaho.edu/digital/objects/ella-fitzgerald/ijcmg004_b003-002f.jpg,https://www.lib.uidaho.edu/digital/objects/ella-fitzgerald/small/ijcmg004_b003-002f_sm.jpg,https://www.lib.uidaho.edu/digital/objects/ella-fitzgerald/thumbs/ijcmg004_b003-002f_th.jpg
fitzgerald0038,,ijcmg004_b002-001a.jpg,Pillbox hat,"Lucas Jr., Otto (1903-1971)",,,Navy blue and cream pillbox hat.,hats; milliner; pillbox hatl; fashion (culture-related concept),,,,IJC MG 4 Ella Fitzgerald Collection,ijcmg004_b002-001a,Image; StillImage; ,Clothing,image/jpeg,Collection on Ella Fitzgerald,University of Idaho,eng,"Educational use only. Educational use includes non-commercial use of text and images in materials for teaching and research purposes. Digital reproduction rights granted by the University of Idaho Library. For other uses beyond free use, please contact the University of Idaho Library Special Collections and Archives Department at libspec@uidaho.edu.",http://rightsstatements.org/vocab/InC-EDU/1.0/,compound,https://www.lib.uidaho.edu/digital/objects/ella-fitzgerald/ijcmg004_b002-001a.jpg,https://www.lib.uidaho.edu/digital/objects/ella-fitzgerald/small/ijcmg004_b002-001a_sm.jpg,https://www.lib.uidaho.edu/digital/objects/ella-fitzgerald/thumbs/ijcmg004_b002-001a_th.jpg
,fitzgerald0038,ijcmg004_b002-001b.jpg,,,,,,,,,,,ijcmg004_b002-001b,Image; StillImage; ,,image/jpeg,,,,,,,https://www.lib.uidaho.edu/digital/objects/ella-fitzgerald/ijcmg004_b002-001b.jpg,https://www.lib.uidaho.edu/digital/objects/ella-fitzgerald/small/ijcmg004_b002-001b_sm.jpg,https://www.lib.uidaho.edu/digital/objects/ella-fitzgerald/thumbs/ijcmg004_b002-001b_th.jpg
,fitzgerald0038,ijcmg004_b002-001c.jpg,,,,,,,,,,,ijcmg004_b002-001c,Image; StillImage; ,,image/jpeg,,,,,,,https://www.lib.uidaho.edu/digital/objects/ella-fitzgerald/ijcmg004_b002-001c.jpg,https://www.lib.uidaho.edu/digital/objects/ella-fitzgerald/small/ijcmg004_b002-001c_sm.jpg,https://www.lib.uidaho.edu/digital/objects/ella-fitzgerald/thumbs/ijcmg004_b002-001c_th.jpg
,fitzgerald0038,ijcmg004_b002-001d.jpg,,,,,,,,,,,ijcmg004_b002-001d,Image; StillImage; ,,image/jpeg,,,,,,,https://www.lib.uidaho.edu/digital/objects/ella-fitzgerald/ijcmg004_b002-001d.jpg,https://www.lib.uidaho.edu/digital/objects/ella-fitzgerald/small/ijcmg004_b002-001d_sm.jpg,https://www.lib.uidaho.edu/digital/objects/ella-fitzgerald/thumbs/ijcmg004_b002-001d_th.jpg
,fitzgerald0038,ijcmg004_b002-001e.jpg,,,,,,,,,,,ijcmg004_b002-001e,Image; StillImage; ,,image/jpeg,,,,,,,https://www.lib.uidaho.edu/digital/objects/ella-fitzgerald/ijcmg004_b002-001e.jpg,https://www.lib.uidaho.edu/digital/objects/ella-fitzgerald/small/ijcmg004_b002-001e_sm.jpg,https://www.lib.uidaho.edu/digital/objects/ella-fitzgerald/thumbs/ijcmg004_b002-001e_th.jpg
fitzgerald0039,,ijcmg004_b002-002a.jpg,Wide brimmed organza hat ,Rex Inc. ,,,Cream wide brimmed organza hat. ,hats; milliner; organza; fashion (culture-related concept),,,,IJC MG 4 Ella Fitzgerald Collection,ijcmg004_b002-002a,Image; StillImage; ,Clothing,image/jpeg,Collection on Ella Fitzgerald,University of Idaho,eng,"Educational use only. Educational use includes non-commercial use of text and images in materials for teaching and research purposes. Digital reproduction rights granted by the University of Idaho Library. For other uses beyond free use, please contact the University of Idaho Library Special Collections and Archives Department at libspec@uidaho.edu.",http://rightsstatements.org/vocab/InC-EDU/1.0/,compound,https://www.lib.uidaho.edu/digital/objects/ella-fitzgerald/ijcmg004_b002-002a.jpg,https://www.lib.uidaho.edu/digital/objects/ella-fitzgerald/small/ijcmg004_b002-002a_sm.jpg,https://www.lib.uidaho.edu/digital/objects/ella-fitzgerald/thumbs/ijcmg004_b002-002a_th.jpg
,fitzgerald0039,ijcmg004_b002-002b.jpg,,,,,,,,,,,ijcmg004_b002-002b,Image; StillImage; ,,image/jpeg,,,,,,,https://www.lib.uidaho.edu/digital/objects/ella-fitzgerald/ijcmg004_b002-002b.jpg,https://www.lib.uidaho.edu/digital/objects/ella-fitzgerald/small/ijcmg004_b002-002b_sm.jpg,https://www.lib.uidaho.edu/digital/objects/ella-fitzgerald/thumbs/ijcmg004_b002-002b_th.jpg
,fitzgerald0039,ijcmg004_b002-002c.jpg,,,,,,,,,,,ijcmg004_b002-002c,Image; StillImage; ,,image/jpeg,,,,,,,https://www.lib.uidaho.edu/digital/objects/ella-fitzgerald/ijcmg004_b002-002c.jpg,https://www.lib.uidaho.edu/digital/objects/ella-fitzgerald/small/ijcmg004_b002-002c_sm.jpg,https://www.lib.uidaho.edu/digital/objects/ella-fitzgerald/thumbs/ijcmg004_b002-002c_th.jpg
,fitzgerald0039,ijcmg004_b002-002d.jpg,,,,,,,,,,,ijcmg004_b002-002d,Image; StillImage; ,,image/jpeg,,,,,,,https://www.lib.uidaho.edu/digital/objects/ella-fitzgerald/ijcmg004_b002-002d.jpg,https://www.lib.uidaho.edu/digital/objects/ella-fitzgerald/small/ijcmg004_b002-002d_sm.jpg,https://www.lib.uidaho.edu/digital/objects/ella-fitzgerald/thumbs/ijcmg004_b002-002d_th.jpg
,fitzgerald0039,ijcmg004_b002-002e.jpg,,,,,,,,,,,ijcmg004_b002-002e,Image; StillImage; ,,image/jpeg,,,,,,,https://www.lib.uidaho.edu/digital/objects/ella-fitzgerald/ijcmg004_b002-002e.jpg,https://www.lib.uidaho.edu/digital/objects/ella-fitzgerald/small/ijcmg004_b002-002e_sm.jpg,https://www.lib.uidaho.edu/digital/objects/ella-fitzgerald/thumbs/ijcmg004_b002-002e_th.jpg
fitzgerald0040,,ijcmg004_b004-001a.jpg,Don Loper dress ,"Loper, Don (1906-1972)",,,"Orange dress with green, pink, orange, and white floral details. ",dresses (garments); floral patterns; fashion (culture-related concept),,,,IJC MG 4 Ella Fitzgerald Collection,ijcmg004_b004-001a,Image; StillImage; ,Clothing,image/jpeg,Collection on Ella Fitzgerald,University of Idaho,eng,"Educational use only. Educational use includes non-commercial use of text and images in materials for teaching and research purposes. Digital reproduction rights granted by the University of Idaho Library. For other uses beyond free use, please contact the University of Idaho Library Special Collections and Archives Department at libspec@uidaho.edu.",http://rightsstatements.org/vocab/InC-EDU/1.0/,compound,https://www.lib.uidaho.edu/digital/objects/ella-fitzgerald/ijcmg004_b004-001a.jpg,https://www.lib.uidaho.edu/digital/objects/ella-fitzgerald/small/ijcmg004_b004-001a_sm.jpg,https://www.lib.uidaho.edu/digital/objects/ella-fitzgerald/thumbs/ijcmg004_b004-001a_th.jpg
,fitzgerald0040,ijcmg004_b004-001b.jpg,,,,,,,,,,,ijcmg004_b004-001b,Image; StillImage; ,,image/jpeg,,,,,,,https://www.lib.uidaho.edu/digital/objects/ella-fitzgerald/ijcmg004_b004-001b.jpg,https://www.lib.uidaho.edu/digital/objects/ella-fitzgerald/small/ijcmg004_b004-001b_sm.jpg,https://www.lib.uidaho.edu/digital/objects/ella-fitzgerald/thumbs/ijcmg004_b004-001b_th.jpg
,fitzgerald0040,ijcmg004_b004-001c.jpg,,,,,,,,,,,ijcmg004_b004-001c,Image; StillImage; ,,image/jpeg,,,,,,,https://www.lib.uidaho.edu/digital/objects/ella-fitzgerald/ijcmg004_b004-001c.jpg,https://www.lib.uidaho.edu/digital/objects/ella-fitzgerald/small/ijcmg004_b004-001c_sm.jpg,https://www.lib.uidaho.edu/digital/objects/ella-fitzgerald/thumbs/ijcmg004_b004-001c_th.jpg
,fitzgerald0040,ijcmg004_b004-001d.jpg,,,,,,,,,,,ijcmg004_b004-001d,Image; StillImage; ,,image/jpeg,,,,,,,https://www.lib.uidaho.edu/digital/objects/ella-fitzgerald/ijcmg004_b004-001d.jpg,https://www.lib.uidaho.edu/digital/objects/ella-fitzgerald/small/ijcmg004_b004-001d_sm.jpg,https://www.lib.uidaho.edu/digital/objects/ella-fitzgerald/thumbs/ijcmg004_b004-001d_th.jpg
,fitzgerald0040,ijcmg004_b004-001e.jpg,,,,,,,,,,,ijcmg004_b004-001e,Image; StillImage; ,,image/jpeg,,,,,,,https://www.lib.uidaho.edu/digital/objects/ella-fitzgerald/ijcmg004_b004-001e.jpg,https://www.lib.uidaho.edu/digital/objects/ella-fitzgerald/small/ijcmg004_b004-001e_sm.jpg,https://www.lib.uidaho.edu/digital/objects/ella-fitzgerald/thumbs/ijcmg004_b004-001e_th.jpg
,fitzgerald0040,ijcmg004_b004-001f.jpg,,,,,,,,,,,ijcmg004_b004-001f,Image; StillImage; ,,image/jpeg,,,,,,,https://www.lib.uidaho.edu/digital/objects/ella-fitzgerald/ijcmg004_b004-001f.jpg,https://www.lib.uidaho.edu/digital/objects/ella-fitzgerald/small/ijcmg004_b004-001f_sm.jpg,https://www.lib.uidaho.edu/digital/objects/ella-fitzgerald/thumbs/ijcmg004_b004-001f_th.jpg
fitzgerald0041,,ijcma_2021-15-001-001.jpg,Ella Fitzgerald with man in front of car ,,,,Black and white photograph of Ella and a man in front of a car ,black-and-white photographs; automobiles; picture frame glass,,,,IJC MA 2021-15,ijcma_2021-15-001-001,Image; StillImage; ,Plaque,image/jpeg,Ella Fitzgerald Photographs ,University of Idaho,eng,"Educational use only. Educational use includes non-commercial use of text and images in materials for teaching and research purposes. Digital reproduction rights granted by the University of Idaho Library. For other uses beyond free use, please contact the University of Idaho Library Special Collections and Archives Department at libspec@uidaho.edu.",http://rightsstatements.org/vocab/InC-EDU/1.0/,image,https://www.lib.uidaho.edu/digital/objects/ella-fitzgerald/ijcma_2021-15-001-001.jpg,https://www.lib.uidaho.edu/digital/objects/ella-fitzgerald/small/ijcma_2021-15-001-001_sm.jpg,https://www.lib.uidaho.edu/digital/objects/ella-fitzgerald/thumbs/ijcma_2021-15-001-001_th.jpg
fitzgerald0042,,ijcma_2021-15-001-002a.jpg,The entertainment channel plaque ,The Entertainment Channel ,1981-12-0981,,Plaque from the entertainment channel with the details from a concert,black-and-white photographs;decorative plaque,"Anahein Marriot Hotel 700 W Convention Way, Anaheim, CA 92802",33.79951346,-117.9184515,IJC MA 2021-15,ijcma_2021-15-001-002a,Image; StillImage; ,Plaque,image/jpeg,Ella Fitzgerald Photographs,University of Idaho,eng,"Educational use only. Educational use includes non-commercial use of text and images in materials for teaching and research purposes. Digital reproduction rights granted by the University of Idaho Library. For other uses beyond free use, please contact the University of Idaho Library Special Collections and Archives Department at libspec@uidaho.edu.",http://rightsstatements.org/vocab/InC-EDU/1.0/,compound,https://www.lib.uidaho.edu/digital/objects/ella-fitzgerald/ijcma_2021-15-001-002a.jpg,https://www.lib.uidaho.edu/digital/objects/ella-fitzgerald/small/ijcma_2021-15-001-002a_sm.jpg,https://www.lib.uidaho.edu/digital/objects/ella-fitzgerald/thumbs/ijcma_2021-15-001-002a_th.jpg
,fitzgerald0042,ijcma_2021-15-001-002b.jpg,,,,,,,,,,,ijcma_2021-15-001-002b,Image; StillImage; ,,image/jpeg,,,,,,,https://www.lib.uidaho.edu/digital/objects/ella-fitzgerald/ijcma_2021-15-001-002b.jpg,https://www.lib.uidaho.edu/digital/objects/ella-fitzgerald/small/ijcma_2021-15-001-002b_sm.jpg,https://www.lib.uidaho.edu/digital/objects/ella-fitzgerald/thumbs/ijcma_2021-15-001-002b_th.jpg
,fitzgerald0042,ijcma_2021-15-001-002c.jpg,,,,,,,,,,,ijcma_2021-15-001-002c,Image; StillImage; ,,image/jpeg,,,,,,,https://www.lib.uidaho.edu/digital/objects/ella-fitzgerald/ijcma_2021-15-001-002c.jpg,https://www.lib.uidaho.edu/digital/objects/ella-fitzgerald/small/ijcma_2021-15-001-002c_sm.jpg,https://www.lib.uidaho.edu/digital/objects/ella-fitzgerald/thumbs/ijcma_2021-15-001-002c_th.jpg
,fitzgerald0042,ijcma_2021-15-001-002d.jpg,,,,,,,,,,,ijcma_2021-15-001-002d,Image; StillImage; ,,image/jpeg,,,,,,,https://www.lib.uidaho.edu/digital/objects/ella-fitzgerald/ijcma_2021-15-001-002d.jpg,https://www.lib.uidaho.edu/digital/objects/ella-fitzgerald/small/ijcma_2021-15-001-002d_sm.jpg,https://www.lib.uidaho.edu/digital/objects/ella-fitzgerald/thumbs/ijcma_2021-15-001-002d_th.jpg