objectid,filename,title,creator,date,date_is_approximate?,description,subject,location,latitude,longitude,source,finding_aid,identifier,type,format,language,rights,rightsstatement,display_template,object_location,image_small,image_thumb
raney01,pg111_1_1-1.jpg,Neale Stadium,Franklin Raney,1939,,"Fields with Neale Stadium (upper Right) and Memorial Gym (Center left) unknown white building (lower right), and a Tennis court (center)",stadiums; arboretums; campuses,University of Idaho Campus,46.727682,117.014936,"PG 111, Franklin Raney photographs, Special Collections and Archives, University of Idaho Library",https://archiveswest.orbiscascade.org/ark:80444/xv118347,pg111_1_1-1,Image;StillImage,image/jpeg,eng,"In Copyright - Educational Use Permitted. For more information, please contact University of Idaho Library Special Collections and Archives Department at libspec@uidaho.edu.",http://rightsstatements.org/vocab/InC-EDU/1.0/,image,https://www.lib.uidaho.edu/digital/objects/raney/pg111_1_1-001.jpg,https://www.lib.uidaho.edu/digital/objects/raney/small/pg111_1_1-001_sm.jpg,https://www.lib.uidaho.edu/digital/objects/raney/thumbs/pg111_1_1-001_th.jpg
raney02,pg111_1_1-2.jpg,Wood Conversion Lab,Franklin Raney,1939-06,,Looking northwest at the Wood Conversion lab (Center) from a field across the street. A man is standing in front of the door.,educational centers (buildings),University of Idaho Campus,46.728887,-117.01173,"PG 111, Franklin Raney photographs, Special Collections and Archives, University of Idaho Library",https://archiveswest.orbiscascade.org/ark:80444/xv118347,pg111_1_1-2,Image;StillImage,image/jpeg,eng,"In Copyright - Educational Use Permitted. For more information, please contact University of Idaho Library Special Collections and Archives Department at libspec@uidaho.edu.",http://rightsstatements.org/vocab/InC-EDU/1.0/,image,https://www.lib.uidaho.edu/digital/objects/raney/pg111_1_1-002.jpg,https://www.lib.uidaho.edu/digital/objects/raney/small/pg111_1_1-002_sm.jpg,https://www.lib.uidaho.edu/digital/objects/raney/thumbs/pg111_1_1-002_th.jpg
raney03,pg111_1_1-3.jpg,Smoke stack,Franklin Raney,1940,,Looking straight up at the U of I power plant smoke stack,power plant buildings (utilities buildings),University of Idaho Campus,46.729991,117.01162,"PG 111, Franklin Raney photographs, Special Collections and Archives, University of Idaho Library",https://archiveswest.orbiscascade.org/ark:80444/xv118347,pg111_1_1-3,Image;StillImage,image/jpeg,eng,"In Copyright - Educational Use Permitted. For more information, please contact University of Idaho Library Special Collections and Archives Department at libspec@uidaho.edu.",http://rightsstatements.org/vocab/InC-EDU/1.0/,image,https://www.lib.uidaho.edu/digital/objects/raney/pg111_1_1-003.jpg,https://www.lib.uidaho.edu/digital/objects/raney/small/pg111_1_1-003_sm.jpg,https://www.lib.uidaho.edu/digital/objects/raney/thumbs/pg111_1_1-003_th.jpg
raney04,pg111_1_1-4.jpg,Site of forestry school nursery,Franklin Raney,1939-06,,Fields with residential area and water tank in background,campuses,University of Idaho Campus,46.729516,-117.009971,"PG 111, Franklin Raney photographs, Special Collections and Archives, University of Idaho Library",https://archiveswest.orbiscascade.org/ark:80444/xv118347,pg111_1_1-4,Image;StillImage,image/jpeg,eng,"In Copyright - Educational Use Permitted. For more information, please contact University of Idaho Library Special Collections and Archives Department at libspec@uidaho.edu.",http://rightsstatements.org/vocab/InC-EDU/1.0/,image,https://www.lib.uidaho.edu/digital/objects/raney/pg111_1_1-004.jpg,https://www.lib.uidaho.edu/digital/objects/raney/small/pg111_1_1-004_sm.jpg,https://www.lib.uidaho.edu/digital/objects/raney/thumbs/pg111_1_1-004_th.jpg
raney05,pg111_1_1-5.jpg,Looking north at Womens Gym and Morrill Hall,Franklin Raney,1940,yes,"From Aboretum: Administration building (center right), Art & Architecture N. (center), Life Sciences South (center 2nd from right), Morrill Hall (center above Art & Architecture)",arboretums; campuses; educational centers (buildings),University of Idaho Campus,46.724706,-117.014082,"PG 111, Franklin Raney photographs, Special Collections and Archives, University of Idaho Library",https://archiveswest.orbiscascade.org/ark:80444/xv118347,pg111_1_1-5,Image;StillImage,image/jpeg,eng,"In Copyright - Educational Use Permitted. For more information, please contact University of Idaho Library Special Collections and Archives Department at libspec@uidaho.edu.",http://rightsstatements.org/vocab/InC-EDU/1.0/,image,https://www.lib.uidaho.edu/digital/objects/raney/pg111_1_1-005.jpg,https://www.lib.uidaho.edu/digital/objects/raney/small/pg111_1_1-005_sm.jpg,https://www.lib.uidaho.edu/digital/objects/raney/thumbs/pg111_1_1-005_th.jpg
raney06,pg111_1_1-6.jpg,Wood Conversion Lab,Franklin Raney,1932-09,,"Wood Conversion Lab, bare ground on either side",educational centers (buildings),University of Idaho Campus,46.728887,-117.01173,"PG 111, Franklin Raney photographs, Special Collections and Archives, University of Idaho Library",https://archiveswest.orbiscascade.org/ark:80444/xv118347,pg111_1_1-6,Image;StillImage,image/jpeg,eng,"In Copyright - Educational Use Permitted. For more information, please contact University of Idaho Library Special Collections and Archives Department at libspec@uidaho.edu.",http://rightsstatements.org/vocab/InC-EDU/1.0/,image,https://www.lib.uidaho.edu/digital/objects/raney/pg111_1_1-006.jpg,https://www.lib.uidaho.edu/digital/objects/raney/small/pg111_1_1-006_sm.jpg,https://www.lib.uidaho.edu/digital/objects/raney/thumbs/pg111_1_1-006_th.jpg
raney07,pg111_1_1-7.jpg,Looking SW across Mclean Field toward Arboretum,Franklin Raney,1940,yes,"Field with densley planted hillsides with a variety of trees, possibly arboretum nursery",stadiums; arboretums; campuses,University of Idaho Campus,46.725486,-117.013243,"PG 111, Franklin Raney photographs, Special Collections and Archives, University of Idaho Library",https://archiveswest.orbiscascade.org/ark:80444/xv118347,pg111_1_1-7,Image;StillImage,image/jpeg,eng,"In Copyright - Educational Use Permitted. For more information, please contact University of Idaho Library Special Collections and Archives Department at libspec@uidaho.edu.",http://rightsstatements.org/vocab/InC-EDU/1.0/,image,https://www.lib.uidaho.edu/digital/objects/raney/pg111_1_1-007.jpg,https://www.lib.uidaho.edu/digital/objects/raney/small/pg111_1_1-007_sm.jpg,https://www.lib.uidaho.edu/digital/objects/raney/thumbs/pg111_1_1-007_th.jpg
raney08,pg111_1_1-8.jpg,Wood Conversion Lab,Franklin Raney,1932-05-07,,"Wood conversion lab (Center right), houses and fields in background. There is a man on a tree or telephone pole stringing lines, maybe for electricity? Ergr (?) Day written on back",educational centers (buildings),University of Idaho Campus,46.728887,-117.01173,"PG 111, Franklin Raney photographs, Special Collections and Archives, University of Idaho Library",https://archiveswest.orbiscascade.org/ark:80444/xv118347,pg111_1_1-8,Image;StillImage,image/jpeg,eng,"In Copyright - Educational Use Permitted. For more information, please contact University of Idaho Library Special Collections and Archives Department at libspec@uidaho.edu.",http://rightsstatements.org/vocab/InC-EDU/1.0/,image,https://www.lib.uidaho.edu/digital/objects/raney/pg111_1_1-008.jpg,https://www.lib.uidaho.edu/digital/objects/raney/small/pg111_1_1-008_sm.jpg,https://www.lib.uidaho.edu/digital/objects/raney/thumbs/pg111_1_1-008_th.jpg
raney09,pg111_1_1-9.jpg,University of Idaho Administration Building,Franklin Raney,1940,yes,Administration building behind some snow covered trees,educational centers (buildings); snow (precipitation),University of Idaho Campus,46.72549,-117.010974,"PG 111, Franklin Raney photographs, Special Collections and Archives, University of Idaho Library",https://archiveswest.orbiscascade.org/ark:80444/xv118347,pg111_1_1-9,Image;StillImage,image/jpeg,eng,"In Copyright - Educational Use Permitted. For more information, please contact University of Idaho Library Special Collections and Archives Department at libspec@uidaho.edu.",http://rightsstatements.org/vocab/InC-EDU/1.0/,image,https://www.lib.uidaho.edu/digital/objects/raney/pg111_1_1-009.jpg,https://www.lib.uidaho.edu/digital/objects/raney/small/pg111_1_1-009_sm.jpg,https://www.lib.uidaho.edu/digital/objects/raney/thumbs/pg111_1_1-009_th.jpg
raney10,pg111_1_1-10.jpg,University of Idaho Power Plant,Franklin Raney,1940,,"Power Plant (Center), dormitory and field in foreground, residnetial areas, water tank, and trees in the background",power plant buildings (utilities buildings); campuses,University of Idaho Campus,46.729991,117.01162,"PG 111, Franklin Raney photographs, Special Collections and Archives, University of Idaho Library",https://archiveswest.orbiscascade.org/ark:80444/xv118347,pg111_1_1-10,Image;StillImage,image/jpeg,eng,"In Copyright - Educational Use Permitted. For more information, please contact University of Idaho Library Special Collections and Archives Department at libspec@uidaho.edu.",http://rightsstatements.org/vocab/InC-EDU/1.0/,image,https://www.lib.uidaho.edu/digital/objects/raney/pg111_1_1-010.jpg,https://www.lib.uidaho.edu/digital/objects/raney/small/pg111_1_1-010_sm.jpg,https://www.lib.uidaho.edu/digital/objects/raney/thumbs/pg111_1_1-010_th.jpg
raney11,pg111_1_1-11.jpg,Morrill Hall,Franklin Raney,1940,yes,"Photo taken from Administration Building with trees and lawn in foreground, Morrill Hall (Center), Life Sciences South (Right), College of Art and Architecture (left)",campuses,University of Idaho Campus,46.72595,-117.010995,"PG 111, Franklin Raney photographs, Special Collections and Archives, University of Idaho Library",https://archiveswest.orbiscascade.org/ark:80444/xv118347,pg111_1_1-11,Image;StillImage,image/jpeg,eng,"In Copyright - Educational Use Permitted. For more information, please contact University of Idaho Library Special Collections and Archives Department at libspec@uidaho.edu.",http://rightsstatements.org/vocab/InC-EDU/1.0/,image,https://www.lib.uidaho.edu/digital/objects/raney/pg111_1_1-011.jpg,https://www.lib.uidaho.edu/digital/objects/raney/small/pg111_1_1-011_sm.jpg,https://www.lib.uidaho.edu/digital/objects/raney/thumbs/pg111_1_1-011_th.jpg
raney12,pg111_1_1-12.jpg,Campus scene Postcard,Ellis,1940,yes,"Brink Hall (left), Morrill Hall(Center top), College of Art and Architecture(2nd from right), Life Sciences south (right), from corner of University Avenue and Rayburn Street",campuses,University of Idaho Campus,46.72694,-117.014897,"PG 111, Franklin Raney photographs, Special Collections and Archives, University of Idaho Library",https://archiveswest.orbiscascade.org/ark:80444/xv118347,pg111_1_1-12,Image;StillImage,image/jpeg,eng,"In Copyright - Educational Use Permitted. For more information, please contact University of Idaho Library Special Collections and Archives Department at libspec@uidaho.edu.",http://rightsstatements.org/vocab/InC-EDU/1.0/,image,https://www.lib.uidaho.edu/digital/objects/raney/pg111_1_1-012.jpg,https://www.lib.uidaho.edu/digital/objects/raney/small/pg111_1_1-012_sm.jpg,https://www.lib.uidaho.edu/digital/objects/raney/thumbs/pg111_1_1-012_th.jpg
raney13,pg111_1_1-13.jpg,U of I water tower,Franklin Raney,1940,yes,"Looking south across MacLean Field? (center down) and forest nursery towards I Tank (center), ",stadiums; arboretums; water tanks,University of Idaho Campus,46.725486,-117.013243,"PG 111, Franklin Raney photographs, Special Collections and Archives, University of Idaho Library",https://archiveswest.orbiscascade.org/ark:80444/xv118347,pg111_1_1-13,Image;StillImage,image/jpeg,eng,"In Copyright - Educational Use Permitted. For more information, please contact University of Idaho Library Special Collections and Archives Department at libspec@uidaho.edu.",http://rightsstatements.org/vocab/InC-EDU/1.0/,image,https://www.lib.uidaho.edu/digital/objects/raney/pg111_1_1-013.jpg,https://www.lib.uidaho.edu/digital/objects/raney/small/pg111_1_1-013_sm.jpg,https://www.lib.uidaho.edu/digital/objects/raney/thumbs/pg111_1_1-013_th.jpg
raney14,pg111_1_1-14.jpg,Administration Building,Franklin Raney,1940,yes,"Looking northeast from Arboretum towards Admin Building (center), MacLean Field (center down)",arboretums; campuses; educational centers (buildings),University of Idaho Campus,46.724706,-117.014082,"PG 111, Franklin Raney photographs, Special Collections and Archives, University of Idaho Library",https://archiveswest.orbiscascade.org/ark:80444/xv118347,pg111_1_1-14,Image;StillImage,image/jpeg,eng,"In Copyright - Educational Use Permitted. For more information, please contact University of Idaho Library Special Collections and Archives Department at libspec@uidaho.edu.",http://rightsstatements.org/vocab/InC-EDU/1.0/,image,https://www.lib.uidaho.edu/digital/objects/raney/pg111_1_1-014.jpg,https://www.lib.uidaho.edu/digital/objects/raney/small/pg111_1_1-014_sm.jpg,https://www.lib.uidaho.edu/digital/objects/raney/thumbs/pg111_1_1-014_th.jpg
raney15,pg111_1_1-15.jpg,"Morrill Hall, home of College of Agriculture and School of Forestry",Franklin Raney,1940,,"Looking north at Morrill Hall (center) from edge of Admin Lawn, College of Art and Architecture (formerly Metallurgical Building, left). Streets and sidewalk are paved, a wooden and wire fence is at the right edge of Admin Lawn, two old cars are near Morril Hall.",stadiums; arboretums; educational centers (buildings),University of Idaho Campus,46.72595,-117.010995,"PG 111, Franklin Raney photographs, Special Collections and Archives, University of Idaho Library",https://archiveswest.orbiscascade.org/ark:80444/xv118347,pg111_1_1-15,Image;StillImage,image/jpeg,eng,"In Copyright - Educational Use Permitted. For more information, please contact University of Idaho Library Special Collections and Archives Department at libspec@uidaho.edu.",http://rightsstatements.org/vocab/InC-EDU/1.0/,image,https://www.lib.uidaho.edu/digital/objects/raney/pg111_1_1-015.jpg,https://www.lib.uidaho.edu/digital/objects/raney/small/pg111_1_1-015_sm.jpg,https://www.lib.uidaho.edu/digital/objects/raney/thumbs/pg111_1_1-015_th.jpg
raney16,pg111_1_1-16.jpg,Blister Rust Laboratory,Franklin Raney,1939,,"Lab within Morrill Hall, looking at glass chemistry equipment",chemistry laboratories,University of Idaho Campus,46.728034,-117.010995,"PG 111, Franklin Raney photographs, Special Collections and Archives, University of Idaho Library",https://archiveswest.orbiscascade.org/ark:80444/xv118347,pg111_1_1-16,Image;StillImage,image/jpeg,eng,"In Copyright - Educational Use Permitted. For more information, please contact University of Idaho Library Special Collections and Archives Department at libspec@uidaho.edu.",http://rightsstatements.org/vocab/InC-EDU/1.0/,image,https://www.lib.uidaho.edu/digital/objects/raney/pg111_1_1-016.jpg,https://www.lib.uidaho.edu/digital/objects/raney/small/pg111_1_1-016_sm.jpg,https://www.lib.uidaho.edu/digital/objects/raney/thumbs/pg111_1_1-016_th.jpg
raney17,pg111_1_1-17.jpg,Administration Building,Franklin Raney,1940,yes,"Looking east from the Arboretum toward Admin Building (Center Left), Nursery and Arboreteum (Center Right)",stadiums; arboretums; educational centers (buildings),University of Idaho Campus,46.724706,-117.014082,"PG 111, Franklin Raney photographs, Special Collections and Archives, University of Idaho Library",https://archiveswest.orbiscascade.org/ark:80444/xv118347,pg111_1_1-17,Image;StillImage,image/jpeg,eng,"In Copyright - Educational Use Permitted. For more information, please contact University of Idaho Library Special Collections and Archives Department at libspec@uidaho.edu.",http://rightsstatements.org/vocab/InC-EDU/1.0/,image,https://www.lib.uidaho.edu/digital/objects/raney/pg111_1_1-017.jpg,https://www.lib.uidaho.edu/digital/objects/raney/small/pg111_1_1-017_sm.jpg,https://www.lib.uidaho.edu/digital/objects/raney/thumbs/pg111_1_1-017_th.jpg
raney18,pg111_1_2.jpg,Morrill Hall,Franklin Raney,1940,yes,Looking north at Morrill Hall from a dirt road next to a paved sidwalk with grass covered hills  and trees on either side. Two old cars are parked infront of the building.,educational centers (buildings),University of Idaho Campus,46.72595,-117.010995,"PG 111, Franklin Raney photographs, Special Collections and Archives, University of Idaho Library",https://archiveswest.orbiscascade.org/ark:80444/xv118347,pg111_1_2,Image;StillImage,image/jpeg,eng,"In Copyright - Educational Use Permitted. For more information, please contact University of Idaho Library Special Collections and Archives Department at libspec@uidaho.edu.",http://rightsstatements.org/vocab/InC-EDU/1.0/,image,https://www.lib.uidaho.edu/digital/objects/raney/pg111_1_2.jpg,https://www.lib.uidaho.edu/digital/objects/raney/small/pg111_1_2_sm.jpg,https://www.lib.uidaho.edu/digital/objects/raney/thumbs/pg111_1_2_th.jpg
raney19,pg111_1_3-3.jpg,Morrill Hall negative,Franklin Raney,1940,yes,"Morrill Hall (Center), Life Sciences South (Right), College of Art and Architecture (left)",educational centers (buildings),University of Idaho Campus,46.72595,-117.010995,"PG 111, Franklin Raney photographs, Special Collections and Archives, University of Idaho Library",https://archiveswest.orbiscascade.org/ark:80444/xv118347,pg111_1_3-3,Image;StillImage,image/jpeg,eng,"In Copyright - Educational Use Permitted. For more information, please contact University of Idaho Library Special Collections and Archives Department at libspec@uidaho.edu.",http://rightsstatements.org/vocab/InC-EDU/1.0/,image,https://www.lib.uidaho.edu/digital/objects/raney/pg111_1_3-003.jpg,https://www.lib.uidaho.edu/digital/objects/raney/small/pg111_1_3-003_sm.jpg,https://www.lib.uidaho.edu/digital/objects/raney/thumbs/pg111_1_3-003_th.jpg
raney20,pg111_1_4-1.jpg,Dr. White,Franklin Raney,1941-02-24,,"A professor for the University of Idaho, standing outside infront of the Wood Conversion lab.",professors (teachers),University of Idaho Campus,46.728887,-117.01173,"PG 111, Franklin Raney photographs, Special Collections and Archives, University of Idaho Library",https://archiveswest.orbiscascade.org/ark:80444/xv118347,pg111_1_4-1,Image;StillImage,image/jpeg,eng,"In Copyright - Educational Use Permitted. For more information, please contact University of Idaho Library Special Collections and Archives Department at libspec@uidaho.edu.",http://rightsstatements.org/vocab/InC-EDU/1.0/,image,https://www.lib.uidaho.edu/digital/objects/raney/pg111_1_4-001.jpg,https://www.lib.uidaho.edu/digital/objects/raney/small/pg111_1_4-001_sm.jpg,https://www.lib.uidaho.edu/digital/objects/raney/thumbs/pg111_1_4-001_th.jpg
raney21,pg111_1_4-2.jpg,Jean Chandler,Franklin Raney,1939-02-24,,"Forestry School Secretary, smiling at the camera, in an office setting. She married Finley McNaughton, also in the U of I Forestry School, on Christmas 1942.",secretaries (clerical workers),University of Idaho Campus,46.729516,-117.009971,"PG 111, Franklin Raney photographs, Special Collections and Archives, University of Idaho Library",https://archiveswest.orbiscascade.org/ark:80444/xv118347,pg111_1_4-2,Image;StillImage,image/jpeg,eng,"In Copyright - Educational Use Permitted. For more information, please contact University of Idaho Library Special Collections and Archives Department at libspec@uidaho.edu.",http://rightsstatements.org/vocab/InC-EDU/1.0/,image,https://www.lib.uidaho.edu/digital/objects/raney/pg111_1_4-002.jpg,https://www.lib.uidaho.edu/digital/objects/raney/small/pg111_1_4-002_sm.jpg,https://www.lib.uidaho.edu/digital/objects/raney/thumbs/pg111_1_4-002_th.jpg
raney22,pg111_1_4-3.jpg,Prof R.K. Pierson,Franklin Raney,1939-02-24,,"Silviculturist professor in the School of Forestry, seated in an office, looking down away from the camera",professors (teachers),University of Idaho Campus,46.729516,-117.009971,"PG 111, Franklin Raney photographs, Special Collections and Archives, University of Idaho Library",https://archiveswest.orbiscascade.org/ark:80444/xv118347,pg111_1_4-3,Image;StillImage,image/jpeg,eng,"In Copyright - Educational Use Permitted. For more information, please contact University of Idaho Library Special Collections and Archives Department at libspec@uidaho.edu.",http://rightsstatements.org/vocab/InC-EDU/1.0/,image,https://www.lib.uidaho.edu/digital/objects/raney/pg111_1_4-003.jpg,https://www.lib.uidaho.edu/digital/objects/raney/small/pg111_1_4-003_sm.jpg,https://www.lib.uidaho.edu/digital/objects/raney/thumbs/pg111_1_4-003_th.jpg
raney23,pg111_1_4-4.jpg,Dean Dwights Jeffers,Franklin Raney,1940-05,,"Dean of the University of Idaho Forestry school, shown teaching or demonstrating, standing with one arm raised up, in front of students sitting on the ground, with a milk jug, a barrel, and pots and pans around him.",deans (educators),University of Idaho Campus,46.729516,-117.009971,"PG 111, Franklin Raney photographs, Special Collections and Archives, University of Idaho Library",https://archiveswest.orbiscascade.org/ark:80444/xv118347,pg111_1_4-4,Image;StillImage,image/jpeg,eng,"In Copyright - Educational Use Permitted. For more information, please contact University of Idaho Library Special Collections and Archives Department at libspec@uidaho.edu.",http://rightsstatements.org/vocab/InC-EDU/1.0/,image,https://www.lib.uidaho.edu/digital/objects/raney/pg111_1_4-004.jpg,https://www.lib.uidaho.edu/digital/objects/raney/small/pg111_1_4-004_sm.jpg,https://www.lib.uidaho.edu/digital/objects/raney/thumbs/pg111_1_4-004_th.jpg
raney24,pg111_1_4-5.jpg,Dr. & Mrs. Irvin Jolley,Franklin Raney,1939-05,,"Chrisman Hall Proctor and Hostess, standing outside infront of a brick building. Dr. Jolley is also a Chemistry professor for the University of Idaho",professors (teachers),University of Idaho Campus,46.729516,-117.009971,"PG 111, Franklin Raney photographs, Special Collections and Archives, University of Idaho Library",https://archiveswest.orbiscascade.org/ark:80444/xv118347,pg111_1_4-5,Image;StillImage,image/jpeg,eng,"In Copyright - Educational Use Permitted. For more information, please contact University of Idaho Library Special Collections and Archives Department at libspec@uidaho.edu.",http://rightsstatements.org/vocab/InC-EDU/1.0/,image,https://www.lib.uidaho.edu/digital/objects/raney/pg111_1_4-005.jpg,https://www.lib.uidaho.edu/digital/objects/raney/small/pg111_1_4-005_sm.jpg,https://www.lib.uidaho.edu/digital/objects/raney/thumbs/pg111_1_4-005_th.jpg
raney25,pg111_1_4-6.jpg,Dr. V.A. Young,Franklin Raney,1941,,"A professor for the University of Idaho on a range trip, pointing off into the distance while students are standing or sitting, taking notes. ",professors (teachers),S.E. Washington,46.420555,-117.675822,"PG 111, Franklin Raney photographs, Special Collections and Archives, University of Idaho Library",https://archiveswest.orbiscascade.org/ark:80444/xv118347,pg111_1_4-6,Image;StillImage,image/jpeg,eng,"In Copyright - Educational Use Permitted. For more information, please contact University of Idaho Library Special Collections and Archives Department at libspec@uidaho.edu.",http://rightsstatements.org/vocab/InC-EDU/1.0/,image,https://www.lib.uidaho.edu/digital/objects/raney/pg111_1_4-006.jpg,https://www.lib.uidaho.edu/digital/objects/raney/small/pg111_1_4-006_sm.jpg,https://www.lib.uidaho.edu/digital/objects/raney/thumbs/pg111_1_4-006_th.jpg
raney26,pg111_1_5-1.jpg,Earl Schatz,Franklin Raney,1939,,The Freshman Year Roommate of Franklin Raney from Post Falls,college students,University of Idaho Campus,46.729599,-117.012672,"PG 111, Franklin Raney photographs, Special Collections and Archives, University of Idaho Library",https://archiveswest.orbiscascade.org/ark:80444/xv118347,pg111_1_5-1,Image;StillImage,image/jpeg,eng,"In Copyright - Educational Use Permitted. For more information, please contact University of Idaho Library Special Collections and Archives Department at libspec@uidaho.edu.",http://rightsstatements.org/vocab/InC-EDU/1.0/,image,https://www.lib.uidaho.edu/digital/objects/raney/pg111_1_5-001.jpg,https://www.lib.uidaho.edu/digital/objects/raney/small/pg111_1_5-001_sm.jpg,https://www.lib.uidaho.edu/digital/objects/raney/thumbs/pg111_1_5-001_th.jpg
raney27,pg111_1_5-2.jpg,Phil Habib,Franklin Raney,1941-05,,The second semester of sophmore year roommate to Franklin Raney. He is standing outside next to a brick building. ,college students,University of Idaho Campus,46.729599,-117.012672,"PG 111, Franklin Raney photographs, Special Collections and Archives, University of Idaho Library",https://archiveswest.orbiscascade.org/ark:80444/xv118347,pg111_1_5-2,Image;StillImage,image/jpeg,eng,"In Copyright - Educational Use Permitted. For more information, please contact University of Idaho Library Special Collections and Archives Department at libspec@uidaho.edu.",http://rightsstatements.org/vocab/InC-EDU/1.0/,image,https://www.lib.uidaho.edu/digital/objects/raney/pg111_1_5-002.jpg,https://www.lib.uidaho.edu/digital/objects/raney/small/pg111_1_5-002_sm.jpg,https://www.lib.uidaho.edu/digital/objects/raney/thumbs/pg111_1_5-002_th.jpg
raney28,pg111_1_5-3.jpg,Idaho Club,Franklin Raney,1940,,"Looking north out of a window at the Idaho Club towards a residential street, with a dog running down the center of the street.",dormitories (buildings); street scenes,University of Idaho Campus,46.729599,-117.012672,"PG 111, Franklin Raney photographs, Special Collections and Archives, University of Idaho Library",https://archiveswest.orbiscascade.org/ark:80444/xv118347,pg111_1_5-3,Image;StillImage,image/jpeg,eng,"In Copyright - Educational Use Permitted. For more information, please contact University of Idaho Library Special Collections and Archives Department at libspec@uidaho.edu.",http://rightsstatements.org/vocab/InC-EDU/1.0/,image,https://www.lib.uidaho.edu/digital/objects/raney/pg111_1_5-003.jpg,https://www.lib.uidaho.edu/digital/objects/raney/small/pg111_1_5-003_sm.jpg,https://www.lib.uidaho.edu/digital/objects/raney/thumbs/pg111_1_5-003_th.jpg
raney29,pg111_1_5-4.jpg,Southwest view of Idaho Club,Franklin Raney,1941,,Cars parked along sidewalks and driving down snow covered roads infront of the Idaho Club dormitory,dormitories (buildings); street scenes,University of Idaho Campus,46.729599,-117.012672,"PG 111, Franklin Raney photographs, Special Collections and Archives, University of Idaho Library",https://archiveswest.orbiscascade.org/ark:80444/xv118347,pg111_1_5-4,Image;StillImage,image/jpeg,eng,"In Copyright - Educational Use Permitted. For more information, please contact University of Idaho Library Special Collections and Archives Department at libspec@uidaho.edu.",http://rightsstatements.org/vocab/InC-EDU/1.0/,image,https://www.lib.uidaho.edu/digital/objects/raney/pg111_1_5-004.jpg,https://www.lib.uidaho.edu/digital/objects/raney/small/pg111_1_5-004_sm.jpg,https://www.lib.uidaho.edu/digital/objects/raney/thumbs/pg111_1_5-004_th.jpg
raney30,pg111_1_5-5.jpg,Franklin Raney,Franklin Raney,1941-11-05,,Franklin Raney reading a book in room 56 in the Idaho Club,college students,University of Idaho Campus,46.729599,-117.012672,"PG 111, Franklin Raney photographs, Special Collections and Archives, University of Idaho Library",https://archiveswest.orbiscascade.org/ark:80444/xv118347,pg111_1_5-5,Image;StillImage,image/jpeg,eng,"In Copyright - Educational Use Permitted. For more information, please contact University of Idaho Library Special Collections and Archives Department at libspec@uidaho.edu.",http://rightsstatements.org/vocab/InC-EDU/1.0/,image,https://www.lib.uidaho.edu/digital/objects/raney/pg111_1_5-005.jpg,https://www.lib.uidaho.edu/digital/objects/raney/small/pg111_1_5-005_sm.jpg,https://www.lib.uidaho.edu/digital/objects/raney/thumbs/pg111_1_5-005_th.jpg
raney31,pg111_1_5-6.jpg,Harl Aldrich,Franklin Raney,1942-04,,"Harl Aldrich a spokane resident who lived in the Idaho club. The caption on back states that he has interest in a woman named Elizabeth ""Betty"" Ann Woesner",college students,University of Idaho Campus,46.729599,-117.012672,"PG 111, Franklin Raney photographs, Special Collections and Archives, University of Idaho Library",https://archiveswest.orbiscascade.org/ark:80444/xv118347,pg111_1_5-6,Image;StillImage,image/jpeg,eng,"In Copyright - Educational Use Permitted. For more information, please contact University of Idaho Library Special Collections and Archives Department at libspec@uidaho.edu.",http://rightsstatements.org/vocab/InC-EDU/1.0/,image,https://www.lib.uidaho.edu/digital/objects/raney/pg111_1_5-006.jpg,https://www.lib.uidaho.edu/digital/objects/raney/small/pg111_1_5-006_sm.jpg,https://www.lib.uidaho.edu/digital/objects/raney/thumbs/pg111_1_5-006_th.jpg
raney32,pg111_1_6-1.jpg,East Moscow Mountain Lookout tower,Franklin Raney,1932-07-02,,"Old Moscow Mountain lookout tower on top of a rocky, forested hill.",watchtowers; forests (plant communities),Moscow Mountain,46.805553,-116.840425,"PG 111, Franklin Raney photographs, Special Collections and Archives, University of Idaho Library",https://archiveswest.orbiscascade.org/ark:80444/xv118347,pg111_1_6-1,Image;StillImage,image/jpeg,eng,"In Copyright - Educational Use Permitted. For more information, please contact University of Idaho Library Special Collections and Archives Department at libspec@uidaho.edu.",http://rightsstatements.org/vocab/InC-EDU/1.0/,image,https://www.lib.uidaho.edu/digital/objects/raney/pg111_1_6-001.jpg,https://www.lib.uidaho.edu/digital/objects/raney/small/pg111_1_6-001_sm.jpg,https://www.lib.uidaho.edu/digital/objects/raney/thumbs/pg111_1_6-001_th.jpg
raney33,pg111_1_6-2.jpg,East Moscow Mountain,Franklin Raney,1940-06-01,,"Forested area of Moscow Mountain, a man standing in knee-high vegetation with trees in the background",forests (plant communities),Moscow Mountain,46.805553,-116.840425,"PG 111, Franklin Raney photographs, Special Collections and Archives, University of Idaho Library",https://archiveswest.orbiscascade.org/ark:80444/xv118347,pg111_1_6-2,Image;StillImage,image/jpeg,eng,"In Copyright - Educational Use Permitted. For more information, please contact University of Idaho Library Special Collections and Archives Department at libspec@uidaho.edu.",http://rightsstatements.org/vocab/InC-EDU/1.0/,image,https://www.lib.uidaho.edu/digital/objects/raney/pg111_1_6-002.jpg,https://www.lib.uidaho.edu/digital/objects/raney/small/pg111_1_6-002_sm.jpg,https://www.lib.uidaho.edu/digital/objects/raney/thumbs/pg111_1_6-002_th.jpg
raney34,pg111_1_6-3.jpg,East Moscow Mountain,Franklin Raney,1940-06-01,,Forested area of Moscow Mountain showing trees and bushes,forests (plant communities),Moscow Mountain,46.805553,-116.840425,"PG 111, Franklin Raney photographs, Special Collections and Archives, University of Idaho Library",https://archiveswest.orbiscascade.org/ark:80444/xv118347,pg111_1_6-3,Image;StillImage,image/jpeg,eng,"In Copyright - Educational Use Permitted. For more information, please contact University of Idaho Library Special Collections and Archives Department at libspec@uidaho.edu.",http://rightsstatements.org/vocab/InC-EDU/1.0/,image,https://www.lib.uidaho.edu/digital/objects/raney/pg111_1_6-003.jpg,https://www.lib.uidaho.edu/digital/objects/raney/small/pg111_1_6-003_sm.jpg,https://www.lib.uidaho.edu/digital/objects/raney/thumbs/pg111_1_6-003_th.jpg
raney35,pg111_1_7-1.jpg,Winton Lumber Co.,Franklin Raney,1941-06,,An elevated log flume transporting lumber in Coeur d'Alene National Forest through a densely vegetated area with trees in the background,forests (plant communities); flumes,Coeur d'Alene National Forest,47.6776,-116.7925,"PG 111, Franklin Raney photographs, Special Collections and Archives, University of Idaho Library",https://archiveswest.orbiscascade.org/ark:80444/xv118347,pg111_1_7-1,Image;StillImage,image/jpeg,eng,"In Copyright - Educational Use Permitted. For more information, please contact University of Idaho Library Special Collections and Archives Department at libspec@uidaho.edu.",http://rightsstatements.org/vocab/InC-EDU/1.0/,image,https://www.lib.uidaho.edu/digital/objects/raney/pg111_1_7-001.jpg,https://www.lib.uidaho.edu/digital/objects/raney/small/pg111_1_7-001_sm.jpg,https://www.lib.uidaho.edu/digital/objects/raney/thumbs/pg111_1_7-001_th.jpg
raney36,pg111_1_7-2.jpg,Laying rails,Franklin Raney,1941-06,,"Wokers laying rails on a spur line in Burnt Cabin Creek, Coeur d'Alene National Forest. Cut logs lined up infront of a crane workers are using to move more logs in place. Forested hillside in background",forests (plant communities); railroads (infrastructure),Coeur d'Alene National Forest,47.6776,-116.7925,"PG 111, Franklin Raney photographs, Special Collections and Archives, University of Idaho Library",https://archiveswest.orbiscascade.org/ark:80444/xv118347,pg111_1_7-2,Image;StillImage,image/jpeg,eng,"In Copyright - Educational Use Permitted. For more information, please contact University of Idaho Library Special Collections and Archives Department at libspec@uidaho.edu.",http://rightsstatements.org/vocab/InC-EDU/1.0/,image,https://www.lib.uidaho.edu/digital/objects/raney/pg111_1_7-002.jpg,https://www.lib.uidaho.edu/digital/objects/raney/small/pg111_1_7-002_sm.jpg,https://www.lib.uidaho.edu/digital/objects/raney/thumbs/pg111_1_7-002_th.jpg
raney37,pg111_1_7-3.jpg,Logs along railroad,Franklin Raney,1941-06-28,,"Cut logs decked (stacked) along railroad at the bottom creek branch of Burnt Cabin Creek. A man is standing on the logs in the bottom right, looking up the rail line. ",forests (plant communities); railroads (infrastructure),Coeur d'Alene National Forest,47.76896,-116.529664,"PG 111, Franklin Raney photographs, Special Collections and Archives, University of Idaho Library",https://archiveswest.orbiscascade.org/ark:80444/xv118347,pg111_1_7-3,Image;StillImage,image/jpeg,eng,"In Copyright - Educational Use Permitted. For more information, please contact University of Idaho Library Special Collections and Archives Department at libspec@uidaho.edu.",http://rightsstatements.org/vocab/InC-EDU/1.0/,image,https://www.lib.uidaho.edu/digital/objects/raney/pg111_1_7-003.jpg,https://www.lib.uidaho.edu/digital/objects/raney/small/pg111_1_7-003_sm.jpg,https://www.lib.uidaho.edu/digital/objects/raney/thumbs/pg111_1_7-003_th.jpg
raney38,pg111_1_7-4.jpg,Looking west from Burn Cabin Creek Summit,Franklin Raney,1941-08-08,,"Flat graveled surface, possibly a road or trail, with steep forested hills beyond",forests (plant communities),Coeur d'Alene National Forest,47.772837,-116.517913,"PG 111, Franklin Raney photographs, Special Collections and Archives, University of Idaho Library",https://archiveswest.orbiscascade.org/ark:80444/xv118347,pg111_1_7-4,Image;StillImage,image/jpeg,eng,"In Copyright - Educational Use Permitted. For more information, please contact University of Idaho Library Special Collections and Archives Department at libspec@uidaho.edu.",http://rightsstatements.org/vocab/InC-EDU/1.0/,image,https://www.lib.uidaho.edu/digital/objects/raney/pg111_1_7-004.jpg,https://www.lib.uidaho.edu/digital/objects/raney/small/pg111_1_7-004_sm.jpg,https://www.lib.uidaho.edu/digital/objects/raney/thumbs/pg111_1_7-004_th.jpg
raney39,pg111_1_7-5.jpg,Coeur d'Alene National Forest,Franklin Raney,1941-06,,"Lumber workers loading logs into flume, water splashing up onto the hillside.",forests (plant communities); flumes,Coeur d'Alene National Forest,47.76896,-116.529664,"PG 111, Franklin Raney photographs, Special Collections and Archives, University of Idaho Library",https://archiveswest.orbiscascade.org/ark:80444/xv118347,pg111_1_7-5,Image;StillImage,image/jpeg,eng,"In Copyright - Educational Use Permitted. For more information, please contact University of Idaho Library Special Collections and Archives Department at libspec@uidaho.edu.",http://rightsstatements.org/vocab/InC-EDU/1.0/,image,https://www.lib.uidaho.edu/digital/objects/raney/pg111_1_7-005.jpg,https://www.lib.uidaho.edu/digital/objects/raney/small/pg111_1_7-005_sm.jpg,https://www.lib.uidaho.edu/digital/objects/raney/thumbs/pg111_1_7-005_th.jpg
raney40,pg111_1_7-6.jpg,Log chute,Franklin Raney,1941-07-08,,Two log flumes converging into one in the Coeur d'Alene National Forest. Timber debris surrounds the flumes,forests (plant communities); flumes,Coeur d'Alene National Forest,47.76896,-116.529664,"PG 111, Franklin Raney photographs, Special Collections and Archives, University of Idaho Library",https://archiveswest.orbiscascade.org/ark:80444/xv118347,pg111_1_7-6,Image;StillImage,image/jpeg,eng,"In Copyright - Educational Use Permitted. For more information, please contact University of Idaho Library Special Collections and Archives Department at libspec@uidaho.edu.",http://rightsstatements.org/vocab/InC-EDU/1.0/,image,https://www.lib.uidaho.edu/digital/objects/raney/pg111_1_7-006.jpg,https://www.lib.uidaho.edu/digital/objects/raney/small/pg111_1_7-006_sm.jpg,https://www.lib.uidaho.edu/digital/objects/raney/thumbs/pg111_1_7-006_th.jpg
raney41,pg111_1_7-7.jpg,Rose Lake Lumber Co,Franklin Raney,1941,,A clogged log flume with logs spilling out onto the ground in a forested area at Lieberg Creek by the Little North Fork Coeur d'Alene River,forests (plant communities); flumes,Coeur d'Alene National Forest,47.782351,-116.49612,"PG 111, Franklin Raney photographs, Special Collections and Archives, University of Idaho Library",https://archiveswest.orbiscascade.org/ark:80444/xv118347,pg111_1_7-7,Image;StillImage,image/jpeg,eng,"In Copyright - Educational Use Permitted. For more information, please contact University of Idaho Library Special Collections and Archives Department at libspec@uidaho.edu.",http://rightsstatements.org/vocab/InC-EDU/1.0/,image,https://www.lib.uidaho.edu/digital/objects/raney/pg111_1_7-007.jpg,https://www.lib.uidaho.edu/digital/objects/raney/small/pg111_1_7-007_sm.jpg,https://www.lib.uidaho.edu/digital/objects/raney/thumbs/pg111_1_7-007_th.jpg
raney42,pg111_1_7-8.jpg,Rose Lake Lumber Co,Franklin Raney,1941,,The Intersections of Camp 3 and 6 log flumes at Lavin Flowage of Lieberg Creek near the Little North Fork Couer d'Alene River.,forests (plant communities); flumes,Coeur d'Alene National Forest,47.431757,-116.286348,"PG 111, Franklin Raney photographs, Special Collections and Archives, University of Idaho Library",https://archiveswest.orbiscascade.org/ark:80444/xv118347,pg111_1_7-8,Image;StillImage,image/jpeg,eng,"In Copyright - Educational Use Permitted. For more information, please contact University of Idaho Library Special Collections and Archives Department at libspec@uidaho.edu.",http://rightsstatements.org/vocab/InC-EDU/1.0/,image,https://www.lib.uidaho.edu/digital/objects/raney/pg111_1_7-008.jpg,https://www.lib.uidaho.edu/digital/objects/raney/small/pg111_1_7-008_sm.jpg,https://www.lib.uidaho.edu/digital/objects/raney/thumbs/pg111_1_7-008_th.jpg
raney43,pg111_1_7-9.jpg,Flowage and flumes,Franklin Raney,1941-09,,"Text cut off on back of image. ? flowage and flumes from Camp 3 and 6, third? right goes through to river. Leiberg Creek, Little North Fork Coeur d'Alene River. Main flume is adjacent to river, with dense forested area in the background.",forests (plant communities); flumes,Coeur d'Alene National Forest,47.431757,-116.286348,"PG 111, Franklin Raney photographs, Special Collections and Archives, University of Idaho Library",https://archiveswest.orbiscascade.org/ark:80444/xv118347,pg111_1_7-9,Image;StillImage,image/jpeg,eng,"In Copyright - Educational Use Permitted. For more information, please contact University of Idaho Library Special Collections and Archives Department at libspec@uidaho.edu.",http://rightsstatements.org/vocab/InC-EDU/1.0/,image,https://www.lib.uidaho.edu/digital/objects/raney/pg111_1_7-009.jpg,https://www.lib.uidaho.edu/digital/objects/raney/small/pg111_1_7-009_sm.jpg,https://www.lib.uidaho.edu/digital/objects/raney/thumbs/pg111_1_7-009_th.jpg
raney44,pg111_1_8.jpg,Moscow High School,unknown,1991-02,,A Newspaper clipping detailing the plea to preserve the Moscow High School,newspaper clippings,"Moscow, Idaho",46.73109,-116.996864,"PG 111, Franklin Raney photographs, Special Collections and Archives, University of Idaho Library",https://archiveswest.orbiscascade.org/ark:80444/xv118347,pg111_1_8,Image;StillImage,image/jpeg,eng,"In Copyright - Educational Use Permitted. For more information, please contact University of Idaho Library Special Collections and Archives Department at libspec@uidaho.edu.",http://rightsstatements.org/vocab/InC-EDU/1.0/,image,https://www.lib.uidaho.edu/digital/objects/raney/pg111_1_8.jpg,https://www.lib.uidaho.edu/digital/objects/raney/small/pg111_1_8_sm.jpg,https://www.lib.uidaho.edu/digital/objects/raney/thumbs/pg111_1_8_th.jpg